machine_id,operator_id,window,anomaly_score,reason,habit_vs_bottleneck
DZR001,OP1001,2025-03-19 07:45:00,0.6166201357318987,idle ratio 83% vs your usual 33%,unclassified
DZR001,OP1001,2025-03-19 10:45:00,0.6289628294680136,11 belt-unfastened minute(s) this window,unclassified
DZR001,OP1001,2025-03-19 11:00:00,0.6417698373705075,idle ratio 87% vs your usual 33%; 13 belt-unfastened minute(s) this window,unclassified
DZR001,OP1001,2025-03-19 14:45:00,0.6528498350025632,idle ratio 87% vs your usual 33%; 13 belt-unfastened minute(s) this window,operator_habit
DZR001,OP1001,2025-03-24 11:30:00,0.6528234889387161,idle ratio 100% vs your usual 33%; 15 belt-unfastened minute(s) this window,unclassified
DZR001,OP1001,2025-03-24 13:30:00,0.6500393162026491,idle ratio 100% vs your usual 33%; 15 belt-unfastened minute(s) this window,unclassified
DZR001,OP1001,2025-04-12 11:15:00,0.6604052181731519,idle ratio 100% vs your usual 33%; 15 belt-unfastened minute(s) this window,unclassified
DZR001,OP1001,2025-04-12 12:15:00,0.6353006726782565,11 belt-unfastened minute(s) this window; high fuel per cycle vs your baseline,operator_habit
DZR001,OP1001,2025-04-12 14:30:00,0.6429022906115557,idle ratio 100% vs your usual 33%; 15 belt-unfastened minute(s) this window,unclassified
DZR001,OP1001,2025-04-12 14:45:00,0.6607140992830244,idle ratio 100% vs your usual 33%; 15 belt-unfastened minute(s) this window,unclassified
DZR001,OP1001,2025-04-12 15:00:00,0.6481562316266687,idle ratio 100% vs your usual 33%; 15 belt-unfastened minute(s) this window,unclassified
DZR001,OP1001,2025-04-25 15:00:00,0.6082996597624318,mildly elevated vs baseline: high fuel per cycle vs your baseline,unclassified
DZR001,OP1001,2025-04-30 10:00:00,0.6463089431851147,idle ratio 100% vs your usual 33%; 15 belt-unfastened minute(s) this window,operator_habit
DZR001,OP1001,2025-04-30 13:45:00,0.6297368174056536,11 belt-unfastened minute(s) this window,unclassified
DZR001,OP1001,2025-04-30 14:15:00,0.6302275306134282,idle ratio 80% vs your usual 33%; 12 belt-unfastened minute(s) this window,operator_habit
DZR001,OP1001,2025-04-30 14:30:00,0.6459696502010988,idle ratio 100% vs your usual 33%; 15 belt-unfastened minute(s) this window,unclassified
DZR001,OP1001,2025-04-30 14:45:00,0.6527907286028373,idle ratio 100% vs your usual 33%; 15 belt-unfastened minute(s) this window,unclassified
DZR001,OP1001,2025-04-30 15:00:00,0.6522614440024893,idle ratio 100% vs your usual 33%; 15 belt-unfastened minute(s) this window,unclassified
DZR001,OP1001,2025-04-30 15:15:00,0.6527907286028373,idle ratio 100% vs your usual 33%; 15 belt-unfastened minute(s) this window,unclassified
DZR001,OP1001,2025-04-30 15:30:00,0.675957202992248,idle ratio 93% vs your usual 33%; 14 belt-unfastened minute(s) this window,unclassified
DZR001,OP1001,2025-04-30 17:45:00,0.6420515902129702,unusually low load-cycle throughput this window,unclassified
DZR001,OP1001,2025-05-15 11:30:00,0.634654352940136,idle ratio 80% vs your usual 33%; 12 belt-unfastened minute(s) this window,unclassified
DZR001,OP1001,2025-05-15 13:15:00,0.6330200954406999,11 belt-unfastened minute(s) this window,unclassified
DZR001,OP1002,2025-03-31 15:00:00,0.6098748951859941,mildly elevated vs baseline: 8 belt-unfastened minute(s) this window,unclassified
DZR001,OP1002,2025-05-13 08:00:00,0.654680514307606,15 belt-unfastened minute(s) this window,unclassified
DZR001,OP1002,2025-05-13 08:15:00,0.6491428896328283,15 belt-unfastened minute(s) this window,unclassified
DZR001,OP1002,2025-05-13 08:30:00,0.6499052187081802,15 belt-unfastened minute(s) this window,unclassified
DZR001,OP1002,2025-05-13 08:45:00,0.6535867220455506,15 belt-unfastened minute(s) this window,unclassified
DZR001,OP1002,2025-05-13 09:00:00,0.6380026448271592,11 belt-unfastened minute(s) this window,unclassified
DZR001,OP1002,2025-05-13 11:30:00,0.6384395657911736,11 belt-unfastened minute(s) this window,operator_habit
DZR001,OP1002,2025-05-13 11:45:00,0.6490338925788305,15 belt-unfastened minute(s) this window,unclassified
DZR001,OP1002,2025-05-13 12:00:00,0.6404852096194721,15 belt-unfastened minute(s) this window,unclassified
DZR001,OP1002,2025-05-13 13:45:00,0.6654591352681328,15 belt-unfastened minute(s) this window,unclassified
DZR001,OP1003,2025-06-07 20:00:00,0.6156936969573987,idle ratio 83% vs your usual 28%; 5 belt-unfastened minute(s) this window,unclassified
DZR001,OP1004,2025-03-27 07:30:00,0.6032817842788893,idle ratio 100% vs your usual 14%,unclassified
DZR001,OP1005,2025-04-02 08:00:00,0.620970584579883,idle ratio 100% vs your usual 15%,unclassified
DZR001,OP1012,2025-03-26 07:15:00,0.6035620073171765,idle ratio 83% vs your usual 15%,unclassified
DZR001,OP1012,2025-05-05 08:00:00,0.6188070143000008,idle ratio 100% vs your usual 15%,unclassified
DZR001,OP1013,2025-03-20 09:15:00,0.6244414697725573,7 belt-unfastened minute(s) this window; high fuel per cycle vs your baseline,unclassified
DZR001,OP1013,2025-04-01 07:30:00,0.6344385546353397,idle ratio 100% vs your usual 13%,unclassified
DZR001,OP1013,2025-04-10 08:00:00,0.6212436585777789,idle ratio 100% vs your usual 13%,operator_habit
DZR001,OP1013,2025-04-10 12:15:00,0.6226412240229298,7 belt-unfastened minute(s) this window; high fuel per cycle vs your baseline,unclassified
DZR001,OP1013,2025-04-10 13:45:00,0.6337067125844944,7 belt-unfastened minute(s) this window; high fuel per cycle vs your baseline,unclassified
DZR001,OP1013,2025-04-17 07:45:00,0.6021801929593699,idle ratio 100% vs your usual 13%,unclassified
DZR001,OP1013,2025-06-13 07:45:00,0.6113570262024027,idle ratio 100% vs your usual 13%,unclassified
DZR001,OP1014,2025-04-13 19:45:00,0.6460063475159543,idle ratio 100% vs your usual 14%,unclassified
DZR001,OP1016,2025-04-19 09:15:00,0.6506819153449507,15 belt-unfastened minute(s) this window,unclassified
DZR001,OP1016,2025-04-19 14:15:00,0.6413357715391759,13 belt-unfastened minute(s) this window,operator_habit
DZR001,OP1016,2025-04-19 14:30:00,0.6509020738215978,15 belt-unfastened minute(s) this window,unclassified
DZR001,OP1016,2025-04-19 14:45:00,0.6473768232034893,12 belt-unfastened minute(s) this window,unclassified
DZR001,OP1016,2025-05-21 11:45:00,0.6501631621932785,15 belt-unfastened minute(s) this window,unclassified
DZR001,OP1016,2025-05-21 12:00:00,0.6560107074668212,15 belt-unfastened minute(s) this window,unclassified
DZR001,OP1016,2025-05-21 12:15:00,0.6368214298612418,12 belt-unfastened minute(s) this window,unclassified
DZR001,OP1016,2025-05-21 15:15:00,0.6240622560994737,unusually low load-cycle throughput this window,unclassified
DZR001,OP1016,2025-06-05 07:30:00,0.599010577662517,mildly elevated vs baseline: idle ratio 100% vs your usual 59%,unclassified
DZR001,OP1016,2025-06-05 08:30:00,0.6366551187278966,12 belt-unfastened minute(s) this window,operator_habit
DZR001,OP1016,2025-06-05 08:45:00,0.6591844244867672,15 belt-unfastened minute(s) this window,unclassified
DZR001,OP1016,2025-06-05 09:00:00,0.6539286519448625,15 belt-unfastened minute(s) this window,unclassified
DZR001,OP1016,2025-06-05 09:15:00,0.6478295547204325,15 belt-unfastened minute(s) this window,unclassified
DZR001,OP1016,2025-06-05 11:00:00,0.6520039840696206,15 belt-unfastened minute(s) this window,unclassified
DZR001,OP1016,2025-06-05 11:15:00,0.6494125284601306,15 belt-unfastened minute(s) this window,unclassified
DZR001,OP1016,2025-06-05 11:30:00,0.6323104282862667,11 belt-unfastened minute(s) this window,unclassified
DZR001,OP1017,2025-04-08 08:15:00,0.6234178062577904,idle ratio 100% vs your usual 12%,operator_habit
DZR001,OP1017,2025-04-08 11:45:00,0.6391073814270235,8 belt-unfastened minute(s) this window,unclassified
DZR001,OP1017,2025-05-04 16:45:00,0.678819814490003,unusually low load-cycle throughput this window,unclassified
DZR001,OP1018,2025-03-22 08:15:00,0.6470809546786479,idle ratio 100% vs your usual 33%,unclassified
DZR001,OP1018,2025-03-22 09:45:00,0.632034001467554,11 belt-unfastened minute(s) this window,unclassified
DZR001,OP1018,2025-03-22 12:00:00,0.6013160336762027,high fuel per cycle vs your baseline,unclassified
DZR001,OP1018,2025-03-22 13:30:00,0.6492451409983575,idle ratio 100% vs your usual 33%; 15 belt-unfastened minute(s) this window,site_bottleneck
DZR001,OP1018,2025-03-22 15:45:00,0.6771172262333136,unusually low load-cycle throughput this window,unclassified
DZR001,OP1018,2025-04-03 13:45:00,0.6349028433473687,11 belt-unfastened minute(s) this window; high fuel per cycle vs your baseline,unclassified
DZR001,OP1018,2025-05-18 08:15:00,0.6215662033645571,idle ratio 100% vs your usual 33%,unclassified
DZR001,OP1018,2025-05-18 14:45:00,0.6306540782178871,idle ratio 80% vs your usual 33%; 12 belt-unfastened minute(s) this window,unclassified
DZR001,OP1018,2025-05-18 15:45:00,0.6388464092826474,11 belt-unfastened minute(s) this window; high fuel per cycle vs your baseline,site_bottleneck
DZR001,OP1018,2025-05-18 18:30:00,0.6367202383650421,mildly elevated vs baseline: idle ratio 75% vs your usual 33%,operator_habit
DZR001,OP1018,2025-06-03 09:15:00,0.631882760397046,11 belt-unfastened minute(s) this window; high fuel per cycle vs your baseline,unclassified
DZR001,OP1018,2025-06-03 11:30:00,0.6189939530484215,9 belt-unfastened minute(s) this window,unclassified
DZR001,OP1018,2025-06-03 12:30:00,0.6546476607814915,idle ratio 100% vs your usual 33%; 15 belt-unfastened minute(s) this window,unclassified
DZR001,OP1018,2025-06-03 12:45:00,0.6636606079072309,idle ratio 100% vs your usual 33%; 15 belt-unfastened minute(s) this window,unclassified
DZR001,OP1018,2025-06-03 13:00:00,0.6617470429018947,idle ratio 100% vs your usual 33%; 15 belt-unfastened minute(s) this window,unclassified
DZR001,OP1018,2025-06-03 13:15:00,0.6504860041733277,idle ratio 100% vs your usual 33%; 15 belt-unfastened minute(s) this window,unclassified
DZR001,OP1018,2025-06-03 13:30:00,0.6505642904557429,idle ratio 100% vs your usual 33%; 15 belt-unfastened minute(s) this window,unclassified
DZR001,OP1018,2025-06-03 16:15:00,0.6333515372270403,idle ratio 100% vs your usual 33%,unclassified
DZR001,OP1019,2025-03-17 08:00:00,0.6114119439726691,idle ratio 100% vs your usual 15%,unclassified
DZR001,OP1020,2025-05-08 08:00:00,0.665381700187225,idle ratio 100% vs your usual 30%,unclassified
DZR001,OP1020,2025-06-02 07:45:00,0.6000246409459923,idle ratio 100% vs your usual 30%,unclassified
DZR001,OP1020,2025-06-02 11:30:00,0.5976613820388914,7 belt-unfastened minute(s) this window; high fuel per cycle vs your baseline,unclassified
DZR001,OP1021,2025-03-23 07:45:00,0.6468809010234056,idle ratio 100% vs your usual 34%,unclassified
DZR001,OP1021,2025-03-23 10:45:00,0.6486320757248019,idle ratio 100% vs your usual 34%; 15 belt-unfastened minute(s) this window,unclassified
DZR001,OP1021,2025-03-23 11:00:00,0.6532325473238118,idle ratio 100% vs your usual 34%; 15 belt-unfastened minute(s) this window,unclassified
DZR001,OP1021,2025-03-23 11:15:00,0.6565915664032735,idle ratio 100% vs your usual 34%; 15 belt-unfastened minute(s) this window,unclassified
DZR001,OP1021,2025-03-23 11:30:00,0.6530992550880746,idle ratio 100% vs your usual 34%; 15 belt-unfastened minute(s) this window,unclassified
DZR001,OP1021,2025-03-23 17:30:00,0.6177044533616466,unusually low load-cycle throughput this window,unclassified
DZR001,OP1021,2025-03-29 07:45:00,0.656424128067598,idle ratio 100% vs your usual 34%,unclassified
DZR001,OP1021,2025-03-30 14:30:00,0.6445881553094934,idle ratio 87% vs your usual 34%; 13 belt-unfastened minute(s) this window,unclassified
DZR001,OP1021,2025-04-04 08:00:00,0.6526559272426912,idle ratio 100% vs your usual 34%,unclassified
DZR001,OP1021,2025-04-04 11:15:00,0.6706309361080639,idle ratio 93% vs your usual 34%; 14 belt-unfastened minute(s) this window,site_bottleneck
DZR001,OP1021,2025-04-04 13:30:00,0.6496617166211498,12 belt-unfastened minute(s) this window,operator_habit
DZR001,OP1021,2025-05-20 09:15:00,0.6505642904557429,idle ratio 100% vs your usual 34%; 15 belt-unfastened minute(s) this window,unclassified
DZR001,OP1021,2025-05-20 13:30:00,0.6329524729040941,11 belt-unfastened minute(s) this window; high fuel per cycle vs your baseline,unclassified
DZR001,OP1021,2025-05-20 14:30:00,0.6326253592570514,11 belt-unfastened minute(s) this window,site_bottleneck
DZR001,OP1021,2025-05-20 14:45:00,0.6346651011582195,11 belt-unfastened minute(s) this window; high fuel per cycle vs your baseline,unclassified
DZR001,OP1023,2025-04-23 08:15:00,0.6511465041734359,idle ratio 100% vs your usual 28%; 15 belt-unfastened minute(s) this window,site_bottleneck
DZR001,OP1023,2025-05-29 09:45:00,0.6116263831975832,8 belt-unfastened minute(s) this window,unclassified
DZR001,OP1023,2025-05-29 15:45:00,0.6947673099084251,unusually low load-cycle throughput this window,unclassified
DZR001,OP1024,2025-05-28 07:45:00,0.63765441556253,idle ratio 100% vs your usual 12%; 5 belt-unfastened minute(s) this window,unclassified
DZR001,OP1025,2025-04-11 08:00:00,0.6448503786710683,mildly elevated vs baseline: idle ratio 100% vs your usual 62%,unclassified
DZR001,OP1025,2025-04-11 09:30:00,0.6601665942637434,15 belt-unfastened minute(s) this window,unclassified
DZR001,OP1025,2025-04-11 09:45:00,0.6310599603789961,11 belt-unfastened minute(s) this window; high fuel per cycle vs your baseline,unclassified
DZR001,OP1025,2025-04-11 11:30:00,0.6447802606474892,15 belt-unfastened minute(s) this window,unclassified
DZR001,OP1025,2025-04-11 13:45:00,0.6470524999790838,15 belt-unfastened minute(s) this window,unclassified
DZR001,OP1025,2025-04-11 14:00:00,0.6489015906681964,13 belt-unfastened minute(s) this window,unclassified
DZR001,OP1025,2025-04-11 15:00:00,0.6591588508280725,15 belt-unfastened minute(s) this window,unclassified
DZR001,OP1025,2025-04-11 15:15:00,0.614820164847468,11 belt-unfastened minute(s) this window,unclassified
DZR001,OP1025,2025-04-16 08:30:00,0.6414373160808079,mildly elevated vs baseline: idle ratio 100% vs your usual 62%,unclassified
DZR001,OP1025,2025-04-16 09:30:00,0.6520039840696206,15 belt-unfastened minute(s) this window,unclassified
DZR001,OP1025,2025-04-16 11:15:00,0.6507601229545842,15 belt-unfastened minute(s) this window,unclassified
DZR001,OP1025,2025-04-16 11:30:00,0.6712967159471546,14 belt-unfastened minute(s) this window,unclassified
DZR001,OP1025,2025-04-16 13:15:00,0.6601003191485996,13 belt-unfastened minute(s) this window,unclassified
DZR001,OP1025,2025-04-16 16:00:00,0.6567360094794396,15 belt-unfastened minute(s) this window,operator_habit
DZR001,OP1025,2025-04-16 16:15:00,0.6612994653381291,15 belt-unfastened minute(s) this window,unclassified
DZR001,OP1025,2025-04-16 16:30:00,0.6528058821187637,15 belt-unfastened minute(s) this window,unclassified
DZR001,OP1025,2025-04-16 16:45:00,0.651606438552764,10 belt-unfastened minute(s) this window,unclassified
DZR001,OP1025,2025-06-11 16:30:00,0.6670772874453788,unusually low load-cycle throughput this window,unclassified
DZR001,OP1026,2025-05-09 20:45:00,0.6016034788528077,9 belt-unfastened minute(s) this window,unclassified
DZR001,OP1027,2025-03-25 07:30:00,0.625902994072222,idle ratio 100% vs your usual 33%,unclassified
DZR001,OP1027,2025-05-26 10:00:00,0.6163245164696015,mildly elevated vs baseline: high fuel per cycle vs your baseline,unclassified
DZR001,OP1027,2025-05-26 11:15:00,0.6553601132772557,idle ratio 100% vs your usual 33%; 15 belt-unfastened minute(s) this window,operator_habit
DZR001,OP1027,2025-05-26 14:30:00,0.647015428402318,idle ratio 100% vs your usual 33%; 15 belt-unfastened minute(s) this window,operator_habit
DZR001,OP1027,2025-05-26 16:00:00,0.6546209192664035,idle ratio 100% vs your usual 33%; 15 belt-unfastened minute(s) this window,unclassified
DZR001,OP1027,2025-05-26 16:15:00,0.6552856178371219,idle ratio 100% vs your usual 33%; 15 belt-unfastened minute(s) this window,unclassified
DZR001,OP1027,2025-05-26 16:30:00,0.647015428402318,idle ratio 100% vs your usual 33%; 15 belt-unfastened minute(s) this window,unclassified
DZR001,OP1027,2025-05-26 16:45:00,0.6432459533935591,idle ratio 100% vs your usual 33%; 15 belt-unfastened minute(s) this window,unclassified
DZR001,OP1027,2025-05-26 17:00:00,0.5994541772624664,10 belt-unfastened minute(s) this window,unclassified
DZR001,OP1028,2025-04-15 16:30:00,0.6278812439636361,unusually low load-cycle throughput this window,unclassified
DZR001,OP1028,2025-04-22 14:00:00,0.6269788959387244,7 belt-unfastened minute(s) this window,unclassified
DZR001,OP1028,2025-06-14 14:30:00,0.6154914614879009,9 belt-unfastened minute(s) this window,unclassified
DZR001,OP1029,2025-05-16 08:45:00,0.6041682883213025,10 belt-unfastened minute(s) this window,operator_habit
DZR001,OP1029,2025-05-16 11:00:00,0.6673884312436519,idle ratio 93% vs your usual 31%; 14 belt-unfastened minute(s) this window,site_bottleneck
DZR001,OP1029,2025-05-16 12:00:00,0.6583247472861644,idle ratio 100% vs your usual 31%; 15 belt-unfastened minute(s) this window,unclassified
DZR001,OP1029,2025-05-16 12:15:00,0.6567172665350848,idle ratio 100% vs your usual 31%; 15 belt-unfastened minute(s) this window,unclassified
DZR001,OP1029,2025-05-16 12:30:00,0.6400520126557316,idle ratio 100% vs your usual 31%; 15 belt-unfastened minute(s) this window,unclassified
DZR001,OP1029,2025-05-16 12:45:00,0.6544806737136566,idle ratio 100% vs your usual 31%; 15 belt-unfastened minute(s) this window,unclassified
DZR001,OP1029,2025-05-16 13:00:00,0.6530267592403867,idle ratio 100% vs your usual 31%; 15 belt-unfastened minute(s) this window,unclassified
DZR001,OP1030,2025-05-24 16:00:00,0.6500544058488392,idle ratio 100% vs your usual 32%; 15 belt-unfastened minute(s) this window,unclassified
DZR001,OP1030,2025-05-24 16:15:00,0.6517201936979085,idle ratio 100% vs your usual 32%; 15 belt-unfastened minute(s) this window,unclassified
DZR001,OP1030,2025-05-24 16:30:00,0.6515540987884638,idle ratio 100% vs your usual 32%; 15 belt-unfastened minute(s) this window,unclassified
DZR001,OP1030,2025-05-24 16:45:00,0.6581482518714437,idle ratio 100% vs your usual 32%; 15 belt-unfastened minute(s) this window,unclassified
DZR001,OP1030,2025-05-24 17:45:00,0.655054679044902,idle ratio 100% vs your usual 32%,unclassified
DZR001,OP1032,2025-04-29 19:30:00,0.6411363757424848,idle ratio 100% vs your usual 15%; 3 belt-unfastened minute(s) this window,site_bottleneck
DZR001,OP1032,2025-05-22 20:00:00,0.6136173790400845,idle ratio 100% vs your usual 15%,unclassified
DZR001,OP1033,2025-04-14 14:00:00,0.6603899618851553,idle ratio 100% vs your usual 30%; 15 belt-unfastened minute(s) this window,unclassified
DZR001,OP1034,2025-05-30 07:45:00,0.6261487431721504,idle ratio 100% vs your usual 14%,unclassified
DZR001,OP1034,2025-05-31 07:45:00,0.6022484126082871,idle ratio 83% vs your usual 14%,unclassified
DZR001,OP1034,2025-06-08 08:15:00,0.612583709895021,idle ratio 100% vs your usual 14%,site_bottleneck
DZR001,OP1035,2025-04-21 08:45:00,0.6069721924674744,high fuel per cycle vs your baseline,unclassified
DZR001,OP1035,2025-04-21 10:00:00,0.6422041969842138,idle ratio 87% vs your usual 33%; 13 belt-unfastened minute(s) this window,operator_habit
DZR001,OP1035,2025-04-21 12:00:00,0.6203104905345582,mildly elevated vs baseline: 8 belt-unfastened minute(s) this window,unclassified
DZR001,OP1035,2025-04-21 14:15:00,0.6560390861784307,idle ratio 100% vs your usual 33%; 15 belt-unfastened minute(s) this window,unclassified
DZR001,OP1035,2025-06-09 08:00:00,0.6408379650843844,idle ratio 100% vs your usual 33%,unclassified
DZR001,OP1035,2025-06-09 12:00:00,0.6477095136174469,idle ratio 100% vs your usual 33%; 15 belt-unfastened minute(s) this window,unclassified
DZR001,OP1035,2025-06-09 13:15:00,0.6337160740320287,idle ratio 80% vs your usual 33%; 12 belt-unfastened minute(s) this window,operator_habit
DZR001,OP1035,2025-06-09 13:30:00,0.6500393162026491,idle ratio 100% vs your usual 33%; 15 belt-unfastened minute(s) this window,unclassified
DZR001,OP1035,2025-06-09 13:45:00,0.6523336067944286,idle ratio 100% vs your usual 33%; 15 belt-unfastened minute(s) this window,unclassified
DZR001,OP1035,2025-06-09 15:30:00,0.646722360425583,idle ratio 87% vs your usual 33%; 13 belt-unfastened minute(s) this window,operator_habit
DZR001,OP1037,2025-04-07 20:00:00,0.6052342510130305,idle ratio 100% vs your usual 14%,operator_habit
DZR001,OP1037,2025-04-08 05:00:00,0.6826671910052025,unusually low load-cycle throughput this window,unclassified
DZR001,OP1038,2025-06-12 08:15:00,0.6077599376076918,idle ratio 100% vs your usual 15%,unclassified
DZR001,OP1039,2025-03-28 08:30:00,0.5978763944928227,idle ratio 83% vs your usual 31%,unclassified
DZR001,OP1039,2025-03-28 18:00:00,0.6764303824506411,unusually low load-cycle throughput this window,unclassified
DZR001,OP1039,2025-04-27 08:00:00,0.6016606092813028,idle ratio 83% vs your usual 31%,unclassified
DZR001,OP1039,2025-04-27 11:15:00,0.6406030205036216,11 belt-unfastened minute(s) this window; high fuel per cycle vs your baseline,unclassified
DZR001,OP1039,2025-05-03 12:30:00,0.6042911312641761,10 belt-unfastened minute(s) this window,site_bottleneck
DZR001,OP1039,2025-05-06 08:00:00,0.6457878449499102,idle ratio 100% vs your usual 31%,unclassified
DZR001,OP1040,2025-06-06 16:45:00,0.6133067130542961,idle ratio 100% vs your usual 14%,site_bottleneck
DZR002,OP1001,2025-05-10 08:30:00,0.6344895213424021,high fuel per cycle vs your baseline,unclassified
DZR002,OP1001,2025-05-10 10:15:00,0.6294792234045439,high fuel per cycle vs your baseline,unclassified
DZR002,OP1001,2025-05-10 12:00:00,0.6365091922588013,idle ratio 100% vs your usual 33%; 15 belt-unfastened minute(s) this window,unclassified
DZR002,OP1001,2025-05-10 12:15:00,0.6392694501955772,idle ratio 100% vs your usual 33%; 15 belt-unfastened minute(s) this window,unclassified
DZR002,OP1001,2025-06-04 07:45:00,0.6546500194978658,idle ratio 100% vs your usual 33%,unclassified
DZR002,OP1001,2025-06-04 11:30:00,0.6460679685458025,idle ratio 100% vs your usual 33%; 15 belt-unfastened minute(s) this window,unclassified
DZR002,OP1001,2025-06-04 11:45:00,0.6400917773825966,idle ratio 100% vs your usual 33%; 15 belt-unfastened minute(s) this window,unclassified
DZR002,OP1001,2025-06-04 12:00:00,0.6470733212967135,idle ratio 100% vs your usual 33%; 15 belt-unfastened minute(s) this window,unclassified
DZR002,OP1001,2025-06-04 12:15:00,0.6366176494975884,idle ratio 100% vs your usual 33%; 15 belt-unfastened minute(s) this window,unclassified
DZR002,OP1001,2025-06-04 13:00:00,0.6413923288499711,idle ratio 100% vs your usual 33%; 15 belt-unfastened minute(s) this window,unclassified
DZR002,OP1001,2025-06-04 13:45:00,0.6641408325842918,idle ratio 80% vs your usual 33%; 12 belt-unfastened minute(s) this window; high fuel per cycle vs your baseline,site_bottleneck
DZR002,OP1001,2025-06-04 16:00:00,0.6815219308352816,high fuel per cycle vs your baseline,unclassified
DZR002,OP1002,2025-04-14 16:15:00,0.6835366337636861,unusually low load-cycle throughput this window,unclassified
DZR002,OP1002,2025-04-20 08:15:00,0.641271829307607,15 belt-unfastened minute(s) this window,unclassified
DZR002,OP1002,2025-04-20 08:30:00,0.64051881189801,15 belt-unfastened minute(s) this window,unclassified
DZR002,OP1002,2025-04-20 09:00:00,0.6790225350509872,14 belt-unfastened minute(s) this window,site_bottleneck
DZR002,OP1002,2025-04-20 09:15:00,0.656195444346304,15 belt-unfastened minute(s) this window,unclassified
DZR002,OP1002,2025-04-20 13:15:00,0.6843814658667562,14 belt-unfastened minute(s) this window,operator_habit
DZR002,OP1002,2025-05-19 09:45:00,0.6382895877150224,15 belt-unfastened minute(s) this window,unclassified
DZR002,OP1002,2025-05-19 16:00:00,0.6291748855226239,mildly elevated vs baseline: idle ratio 100% vs your usual 61%,unclassified
DZR002,OP1003,2025-05-11 20:00:00,0.5996677086271253,idle ratio 100% vs your usual 28%,unclassified
DZR002,OP1003,2025-05-11 20:30:00,0.6091515881131047,idle ratio 73% vs your usual 28%; high fuel per cycle vs your baseline,site_bottleneck
DZR002,OP1003,2025-05-12 00:30:00,0.6051574883729277,idle ratio 73% vs your usual 28%; high fuel per cycle vs your baseline,unclassified
DZR002,OP1005,2025-04-22 15:00:00,0.6051245829431484,unusually low load-cycle throughput this window,unclassified
DZR002,OP1005,2025-04-27 08:15:00,0.6419633307997806,idle ratio 100% vs your usual 15%,site_bottleneck
DZR002,OP1006,2025-03-26 07:45:00,0.6138869537359946,idle ratio 100% vs your usual 15%,unclassified
DZR002,OP1006,2025-05-16 16:00:00,0.6644723417235561,unusually low load-cycle throughput this window,unclassified
DZR002,OP1007,2025-04-21 11:15:00,0.6166267073590899,high fuel per cycle vs your baseline,unclassified
DZR002,OP1008,2025-06-11 11:15:00,0.6581332186133605,11 belt-unfastened minute(s) this window; high fuel per cycle vs your baseline,unclassified
DZR002,OP1009,2025-04-15 08:30:00,0.6163921915953994,idle ratio 100% vs your usual 14%,unclassified
DZR002,OP1009,2025-06-12 16:30:00,0.6776725845214393,unusually low load-cycle throughput this window,unclassified
DZR002,OP1013,2025-03-20 07:45:00,0.643946348945321,idle ratio 100% vs your usual 13%; 5 belt-unfastened minute(s) this window,unclassified
DZR002,OP1013,2025-03-20 08:30:00,0.6361070210235177,8 belt-unfastened minute(s) this window; high fuel per cycle vs your baseline,unclassified
DZR002,OP1015,2025-03-31 07:00:00,0.6015614844728546,idle ratio 100% vs your usual 33%,unclassified
DZR002,OP1015,2025-03-31 12:00:00,0.6022031726870596,high fuel per cycle vs your baseline,operator_habit
DZR002,OP1016,2025-05-29 08:30:00,0.6503081545961048,15 belt-unfastened minute(s) this window,unclassified
DZR002,OP1016,2025-05-29 08:45:00,0.6405500038123866,15 belt-unfastened minute(s) this window,unclassified
DZR002,OP1016,2025-05-29 09:00:00,0.6604730097389461,15 belt-unfastened minute(s) this window,unclassified
DZR002,OP1016,2025-05-29 15:45:00,0.6818324770876818,14 belt-unfastened minute(s) this window,unclassified
DZR002,OP1017,2025-04-06 13:00:00,0.6611159090714335,7 belt-unfastened minute(s) this window; high fuel per cycle vs your baseline,unclassified
DZR002,OP1018,2025-06-01 11:15:00,0.6603707447761772,idle ratio 87% vs your usual 33%; 13 belt-unfastened minute(s) this window,operator_habit
DZR002,OP1018,2025-06-01 11:30:00,0.6367883710572781,idle ratio 100% vs your usual 33%; 15 belt-unfastened minute(s) this window,unclassified
DZR002,OP1018,2025-06-01 11:45:00,0.6534657295561764,idle ratio 100% vs your usual 33%; 15 belt-unfastened minute(s) this window,unclassified
DZR002,OP1018,2025-06-01 12:45:00,0.6014324934754256,idle ratio 80% vs your usual 33%; high fuel per cycle vs your baseline,site_bottleneck
DZR002,OP1018,2025-06-01 13:45:00,0.6855318777461036,idle ratio 80% vs your usual 33%; 12 belt-unfastened minute(s) this window; high fuel per cycle vs your baseline,operator_habit
DZR002,OP1020,2025-06-08 07:45:00,0.6460063475159543,idle ratio 100% vs your usual 30%,unclassified
DZR002,OP1020,2025-06-08 15:30:00,0.5995592437438506,mildly elevated vs baseline: 0 belt-unfastened minute(s) this window,unclassified
DZR002,OP1021,2025-03-24 09:15:00,0.6487244971935707,idle ratio 100% vs your usual 34%; 15 belt-unfastened minute(s) this window,unclassified
DZR002,OP1021,2025-04-23 09:45:00,0.6367883710572781,idle ratio 100% vs your usual 34%; 15 belt-unfastened minute(s) this window,unclassified
DZR002,OP1021,2025-04-23 11:15:00,0.6696483221631995,11 belt-unfastened minute(s) this window; high fuel per cycle vs your baseline,operator_habit
DZR002,OP1021,2025-04-23 13:45:00,0.65241470069885,11 belt-unfastened minute(s) this window; high fuel per cycle vs your baseline,operator_habit
DZR002,OP1021,2025-04-23 15:00:00,0.6529206910211204,idle ratio 100% vs your usual 34%; 15 belt-unfastened minute(s) this window,unclassified
DZR002,OP1021,2025-05-03 10:15:00,0.6643649492360034,11 belt-unfastened minute(s) this window; high fuel per cycle vs your baseline,unclassified
DZR002,OP1021,2025-05-03 11:15:00,0.6501496685923646,high fuel per cycle vs your baseline,unclassified
DZR002,OP1021,2025-05-03 13:15:00,0.6023324335983541,high fuel per cycle vs your baseline,operator_habit
DZR002,OP1021,2025-05-03 15:00:00,0.6007788113442432,high fuel per cycle vs your baseline,unclassified
DZR002,OP1021,2025-05-03 16:15:00,0.6689890034514641,12 belt-unfastened minute(s) this window; high fuel per cycle vs your baseline,unclassified
DZR002,OP1022,2025-06-06 00:45:00,0.6411494395614046,15 belt-unfastened minute(s) this window,unclassified
DZR002,OP1022,2025-06-06 01:00:00,0.6496029276276478,15 belt-unfastened minute(s) this window,unclassified
DZR002,OP1022,2025-06-06 01:15:00,0.6547259872142576,11 belt-unfastened minute(s) this window; high fuel per cycle vs your baseline,unclassified
DZR002,OP1023,2025-05-09 08:00:00,0.6106751788754547,idle ratio 100% vs your usual 28%,unclassified
DZR002,OP1023,2025-05-09 16:15:00,0.6145697806901859,unusually low load-cycle throughput this window,unclassified
DZR002,OP1023,2025-05-17 07:30:00,0.6347526799046401,idle ratio 100% vs your usual 28%,unclassified
DZR002,OP1023,2025-05-17 10:00:00,0.6813235116539863,idle ratio 93% vs your usual 28%; 14 belt-unfastened minute(s) this window,site_bottleneck
DZR002,OP1024,2025-04-30 08:15:00,0.6303869657948535,idle ratio 100% vs your usual 12%,unclassified
DZR002,OP1026,2025-04-26 00:45:00,0.6131044711445839,high fuel per cycle vs your baseline,operator_habit
DZR002,OP1026,2025-04-26 04:30:00,0.60983301425487,mildly elevated vs baseline: idle ratio 100% vs your usual 62%,unclassified
DZR002,OP1026,2025-06-06 20:15:00,0.6245153533331509,mildly elevated vs baseline: idle ratio 100% vs your usual 62%,operator_habit
DZR002,OP1026,2025-06-06 20:45:00,0.6456381945221528,15 belt-unfastened minute(s) this window,unclassified
DZR002,OP1026,2025-06-06 22:00:00,0.6515967634894189,15 belt-unfastened minute(s) this window,unclassified
DZR002,OP1026,2025-06-06 22:15:00,0.6823270143523384,13 belt-unfastened minute(s) this window; high fuel per cycle vs your baseline,unclassified
DZR002,OP1026,2025-06-06 23:45:00,0.6370038286478649,15 belt-unfastened minute(s) this window,unclassified
DZR002,OP1026,2025-06-07 00:00:00,0.6416031443517967,15 belt-unfastened minute(s) this window,unclassified
DZR002,OP1026,2025-06-07 00:15:00,0.6365091922588013,15 belt-unfastened minute(s) this window,unclassified
DZR002,OP1026,2025-06-07 00:30:00,0.6403083526819856,15 belt-unfastened minute(s) this window,unclassified
DZR002,OP1026,2025-06-07 00:45:00,0.6597257778902024,11 belt-unfastened minute(s) this window; high fuel per cycle vs your baseline,unclassified
DZR002,OP1027,2025-04-18 07:45:00,0.63601739148675,idle ratio 100% vs your usual 33%,unclassified
DZR002,OP1027,2025-04-18 09:30:00,0.6699710955788832,idle ratio 87% vs your usual 33%; 13 belt-unfastened minute(s) this window; high fuel per cycle vs your baseline,operator_habit
DZR002,OP1027,2025-05-24 07:15:00,0.6430501086754601,idle ratio 100% vs your usual 33%,unclassified
DZR002,OP1027,2025-05-24 10:45:00,0.6827888236819726,idle ratio 87% vs your usual 33%; 13 belt-unfastened minute(s) this window; high fuel per cycle vs your baseline,unclassified
DZR002,OP1027,2025-05-24 11:15:00,0.6052317866777466,high fuel per cycle vs your baseline,unclassified
DZR002,OP1029,2025-05-06 09:00:00,0.6232497354860866,high fuel per cycle vs your baseline,unclassified
DZR002,OP1029,2025-05-31 08:30:00,0.5977883883067509,10 belt-unfastened minute(s) this window,operator_habit
DZR002,OP1029,2025-05-31 09:30:00,0.6702090482823754,idle ratio 80% vs your usual 31%; 12 belt-unfastened minute(s) this window; high fuel per cycle vs your baseline,unclassified
DZR002,OP1029,2025-05-31 12:15:00,0.6586891204112302,11 belt-unfastened minute(s) this window; high fuel per cycle vs your baseline,unclassified
DZR002,OP1029,2025-05-31 14:45:00,0.6621530003372196,11 belt-unfastened minute(s) this window; high fuel per cycle vs your baseline,site_bottleneck
DZR002,OP1030,2025-04-01 11:45:00,0.6593191461789951,idle ratio 87% vs your usual 32%; 13 belt-unfastened minute(s) this window,operator_habit
DZR002,OP1030,2025-04-01 12:00:00,0.6432400944062364,idle ratio 100% vs your usual 32%; 15 belt-unfastened minute(s) this window,unclassified
DZR002,OP1030,2025-04-01 12:15:00,0.6390083922623047,idle ratio 100% vs your usual 32%; 15 belt-unfastened minute(s) this window,unclassified
DZR002,OP1030,2025-04-01 12:30:00,0.6383154193261532,idle ratio 100% vs your usual 32%; 15 belt-unfastened minute(s) this window,unclassified
DZR002,OP1030,2025-05-07 07:45:00,0.6248983248339175,idle ratio 100% vs your usual 32%,unclassified
DZR002,OP1030,2025-05-07 08:30:00,0.6544040945165961,11 belt-unfastened minute(s) this window; high fuel per cycle vs your baseline,unclassified
DZR002,OP1030,2025-05-07 09:00:00,0.6763882392194183,idle ratio 87% vs your usual 32%; 13 belt-unfastened minute(s) this window,unclassified
DZR002,OP1030,2025-05-07 10:00:00,0.6447579362820515,idle ratio 100% vs your usual 32%; 15 belt-unfastened minute(s) this window,unclassified
DZR002,OP1030,2025-05-07 15:45:00,0.6421401681691993,idle ratio 100% vs your usual 32%; 15 belt-unfastened minute(s) this window,unclassified
DZR002,OP1030,2025-06-07 13:00:00,0.6354702805782916,idle ratio 100% vs your usual 32%; 15 belt-unfastened minute(s) this window,unclassified
DZR002,OP1030,2025-06-07 13:15:00,0.641705851861861,idle ratio 100% vs your usual 32%; 15 belt-unfastened minute(s) this window,unclassified
DZR002,OP1030,2025-06-07 13:30:00,0.6425032188705032,idle ratio 100% vs your usual 32%; 15 belt-unfastened minute(s) this window,unclassified
DZR002,OP1030,2025-06-07 14:00:00,0.6218280897813754,high fuel per cycle vs your baseline,unclassified
DZR002,OP1030,2025-06-07 15:15:00,0.6828241677991268,idle ratio 93% vs your usual 32%; 14 belt-unfastened minute(s) this window,unclassified
DZR002,OP1031,2025-03-17 14:45:00,0.6453834484848965,idle ratio 100% vs your usual 13%,site_bottleneck
DZR002,OP1033,2025-03-27 07:15:00,0.6200177449307437,idle ratio 100% vs your usual 30%,unclassified
DZR002,OP1033,2025-03-27 08:45:00,0.5991550946157662,idle ratio 73% vs your usual 30%; high fuel per cycle vs your baseline,unclassified
DZR002,OP1033,2025-03-27 11:30:00,0.6701274329074957,idle ratio 73% vs your usual 30%; 11 belt-unfastened minute(s) this window; high fuel per cycle vs your baseline,operator_habit
DZR002,OP1033,2025-03-27 12:30:00,0.6639432122642925,idle ratio 73% vs your usual 30%; 11 belt-unfastened minute(s) this window; high fuel per cycle vs your baseline,unclassified
DZR002,OP1033,2025-05-21 16:45:00,0.6345312413560249,mildly elevated vs baseline: 1 belt-unfastened minute(s) this window,unclassified
DZR002,OP1035,2025-03-25 12:15:00,0.6575438727727643,11 belt-unfastened minute(s) this window; high fuel per cycle vs your baseline,operator_habit
DZR002,OP1035,2025-03-25 12:30:00,0.6659720024181471,11 belt-unfastened minute(s) this window; high fuel per cycle vs your baseline,unclassified
DZR002,OP1035,2025-03-25 13:30:00,0.6090392780695909,10 belt-unfastened minute(s) this window,site_bottleneck
DZR002,OP1035,2025-03-25 14:15:00,0.6618515650533234,idle ratio 87% vs your usual 33%; 13 belt-unfastened minute(s) this window,unclassified
DZR002,OP1035,2025-03-28 08:00:00,0.6464933590856431,idle ratio 100% vs your usual 33%; 15 belt-unfastened minute(s) this window,unclassified
DZR002,OP1035,2025-03-28 09:15:00,0.652956468186731,11 belt-unfastened minute(s) this window; high fuel per cycle vs your baseline,operator_habit
DZR002,OP1035,2025-03-28 12:30:00,0.6661025484788007,11 belt-unfastened minute(s) this window; high fuel per cycle vs your baseline,unclassified
DZR002,OP1035,2025-03-28 13:30:00,0.6633278629978574,idle ratio 87% vs your usual 33%; 13 belt-unfastened minute(s) this window,operator_habit
DZR002,OP1035,2025-03-28 13:45:00,0.6382981059583136,idle ratio 100% vs your usual 33%; 15 belt-unfastened minute(s) this window,unclassified
DZR002,OP1035,2025-04-11 08:00:00,0.6037801675601421,idle ratio 100% vs your usual 33%,unclassified
DZR002,OP1035,2025-04-11 08:30:00,0.6702808282715306,idle ratio 87% vs your usual 33%; 13 belt-unfastened minute(s) this window,operator_habit
DZR002,OP1035,2025-04-11 09:45:00,0.6615439907662255,idle ratio 80% vs your usual 33%; 12 belt-unfastened minute(s) this window; high fuel per cycle vs your baseline,operator_habit
DZR002,OP1035,2025-04-11 12:30:00,0.6654111471319982,idle ratio 80% vs your usual 33%; 12 belt-unfastened minute(s) this window; high fuel per cycle vs your baseline,operator_habit
DZR002,OP1035,2025-04-11 12:45:00,0.647838983799541,idle ratio 100% vs your usual 33%; 15 belt-unfastened minute(s) this window,unclassified
DZR002,OP1035,2025-04-11 13:00:00,0.6438932369484266,idle ratio 100% vs your usual 33%; 15 belt-unfastened minute(s) this window,unclassified
DZR002,OP1035,2025-04-11 13:15:00,0.6486960237319455,idle ratio 100% vs your usual 33%; 15 belt-unfastened minute(s) this window,unclassified
DZR002,OP1035,2025-04-11 13:30:00,0.6366176494975884,idle ratio 100% vs your usual 33%; 15 belt-unfastened minute(s) this window,unclassified
DZR002,OP1035,2025-04-11 14:30:00,0.6601777402728993,11 belt-unfastened minute(s) this window; high fuel per cycle vs your baseline,operator_habit
DZR002,OP1035,2025-04-29 08:15:00,0.6284211673198778,idle ratio 100% vs your usual 33%,unclassified
DZR002,OP1035,2025-06-09 09:30:00,0.6518172315052879,idle ratio 100% vs your usual 33%; 15 belt-unfastened minute(s) this window,unclassified
DZR002,OP1035,2025-06-09 10:15:00,0.6595779378332973,idle ratio 80% vs your usual 33%; 12 belt-unfastened minute(s) this window; high fuel per cycle vs your baseline,operator_habit
DZR002,OP1035,2025-06-09 12:00:00,0.6665787958264335,idle ratio 80% vs your usual 33%; 12 belt-unfastened minute(s) this window; high fuel per cycle vs your baseline,site_bottleneck
DZR002,OP1036,2025-03-29 16:00:00,0.6531265167749444,unusually low load-cycle throughput this window,unclassified
DZR002,OP1036,2025-06-03 08:00:00,0.6271565839316304,idle ratio 100% vs your usual 14%,unclassified
DZR002,OP1038,2025-04-07 08:00:00,0.6451651566056935,idle ratio 100% vs your usual 15%,unclassified
DZR002,OP1038,2025-04-13 07:45:00,0.6439208554848388,idle ratio 100% vs your usual 15%,unclassified
DZR002,OP1039,2025-03-23 08:45:00,0.6599923526720674,idle ratio 80% vs your usual 31%; 12 belt-unfastened minute(s) this window; high fuel per cycle vs your baseline,site_bottleneck
DZR002,OP1039,2025-03-23 14:00:00,0.6004980330218829,idle ratio 80% vs your usual 31%; high fuel per cycle vs your baseline,unclassified
DZR002,OP1039,2025-05-08 07:15:00,0.6250686315692406,idle ratio 100% vs your usual 31%,unclassified
EXC001,OP1001,2025-04-20 07:45:00,0.6398253658637016,idle ratio 100% vs your usual 33%,unclassified
EXC001,OP1001,2025-04-20 08:15:00,0.6372689313275599,high fuel per cycle vs your baseline,unclassified
EXC001,OP1001,2025-05-01 10:45:00,0.6561298430203792,high fuel per cycle vs your baseline,unclassified
EXC001,OP1001,2025-05-01 13:30:00,0.6050924951152681,high fuel per cycle vs your baseline,unclassified
EXC001,OP1001,2025-05-01 15:15:00,0.6732559570612339,11 belt-unfastened minute(s) this window; high fuel per cycle vs your baseline,unclassified
EXC001,OP1001,2025-05-02 09:45:00,0.6404990802303087,idle ratio 100% vs your usual 33%; 15 belt-unfastened minute(s) this window,unclassified
EXC001,OP1001,2025-05-02 13:45:00,0.6666476229004953,idle ratio 80% vs your usual 33%; 12 belt-unfastened minute(s) this window; high fuel per cycle vs your baseline,operator_habit
EXC001,OP1001,2025-05-02 15:15:00,0.6766564684939894,idle ratio 87% vs your usual 33%; 13 belt-unfastened minute(s) this window; high fuel per cycle vs your baseline,site_bottleneck
EXC001,OP1001,2025-05-02 15:30:00,0.6412004148510146,idle ratio 100% vs your usual 33%; 15 belt-unfastened minute(s) this window,unclassified
EXC001,OP1001,2025-05-02 15:45:00,0.6378791301648464,idle ratio 100% vs your usual 33%; 15 belt-unfastened minute(s) this window,unclassified
EXC001,OP1001,2025-05-02 16:00:00,0.6449832819566725,idle ratio 100% vs your usual 33%; 15 belt-unfastened minute(s) this window,unclassified
EXC001,OP1001,2025-05-02 16:15:00,0.641054928125793,idle ratio 100% vs your usual 33%; 15 belt-unfastened minute(s) this window,unclassified
EXC001,OP1001,2025-05-02 16:30:00,0.606177267094036,high fuel per cycle vs your baseline,unclassified
EXC001,OP1001,2025-05-25 07:30:00,0.6507982045718302,idle ratio 100% vs your usual 33%,unclassified
EXC001,OP1001,2025-05-25 08:30:00,0.6571323692994169,high fuel per cycle vs your baseline,unclassified
EXC001,OP1001,2025-05-25 10:00:00,0.6738964154046561,11 belt-unfastened minute(s) this window; high fuel per cycle vs your baseline,operator_habit
EXC001,OP1001,2025-05-25 10:15:00,0.6729753684252263,idle ratio 80% vs your usual 33%; 12 belt-unfastened minute(s) this window; high fuel per cycle vs your baseline,unclassified
EXC001,OP1001,2025-05-25 13:30:00,0.6024297882446923,high fuel per cycle vs your baseline,unclassified
EXC001,OP1001,2025-05-25 15:30:00,0.6770858038357085,idle ratio 80% vs your usual 33%; 12 belt-unfastened minute(s) this window; high fuel per cycle vs your baseline,site_bottleneck
EXC001,OP1002,2025-04-15 08:15:00,0.6306205808844259,mildly elevated vs baseline: 7 belt-unfastened minute(s) this window,site_bottleneck
EXC001,OP1002,2025-04-15 08:30:00,0.6447579362820515,15 belt-unfastened minute(s) this window,unclassified
EXC001,OP1002,2025-04-15 08:45:00,0.6383103092763351,15 belt-unfastened minute(s) this window,unclassified
EXC001,OP1002,2025-04-15 09:00:00,0.6441797514708393,15 belt-unfastened minute(s) this window,unclassified
EXC001,OP1002,2025-04-15 09:15:00,0.6411494395614046,15 belt-unfastened minute(s) this window,unclassified
EXC001,OP1002,2025-04-15 09:30:00,0.6392504704490856,15 belt-unfastened minute(s) this window,unclassified
EXC001,OP1002,2025-04-15 11:00:00,0.6669399312588263,11 belt-unfastened minute(s) this window; high fuel per cycle vs your baseline,unclassified
EXC001,OP1002,2025-04-15 13:30:00,0.6149587201283977,high fuel per cycle vs your baseline,site_bottleneck
EXC001,OP1002,2025-04-15 14:45:00,0.6063024034631604,high fuel per cycle vs your baseline,unclassified
EXC001,OP1002,2025-04-15 17:00:00,0.6143755917144337,high fuel per cycle vs your baseline,site_bottleneck
EXC001,OP1002,2025-04-29 08:00:00,0.6303850357459864,mildly elevated vs baseline: idle ratio 100% vs your usual 61%,unclassified
EXC001,OP1002,2025-04-29 09:00:00,0.6071345194150224,high fuel per cycle vs your baseline,unclassified
EXC001,OP1002,2025-04-29 10:30:00,0.6045436380050397,high fuel per cycle vs your baseline,operator_habit
EXC001,OP1002,2025-04-29 13:45:00,0.6096469733027341,high fuel per cycle vs your baseline,unclassified
EXC001,OP1002,2025-04-29 14:15:00,0.610557667057041,high fuel per cycle vs your baseline,operator_habit
EXC001,OP1002,2025-04-29 16:30:00,0.5995956515333708,mildly elevated vs baseline: idle ratio 100% vs your usual 61%,unclassified
EXC001,OP1002,2025-05-17 11:45:00,0.6137523908283152,high fuel per cycle vs your baseline,operator_habit
EXC001,OP1002,2025-05-17 13:15:00,0.6063958590744702,high fuel per cycle vs your baseline,unclassified
EXC001,OP1002,2025-05-17 14:00:00,0.6425876143887567,15 belt-unfastened minute(s) this window,operator_habit
EXC001,OP1002,2025-05-17 14:15:00,0.6383490584870114,15 belt-unfastened minute(s) this window,unclassified
EXC001,OP1002,2025-05-17 14:30:00,0.6410034892019035,15 belt-unfastened minute(s) this window,unclassified
EXC001,OP1002,2025-05-17 14:45:00,0.6418264329601532,15 belt-unfastened minute(s) this window,unclassified
EXC001,OP1002,2025-05-17 15:00:00,0.6407667341528646,15 belt-unfastened minute(s) this window,unclassified
EXC001,OP1002,2025-05-17 15:15:00,0.682195116127474,14 belt-unfastened minute(s) this window,unclassified
EXC001,OP1003,2025-03-31 20:15:00,0.6196449338121098,idle ratio 100% vs your usual 28%,unclassified
EXC001,OP1003,2025-03-31 23:00:00,0.6122577555385856,idle ratio 73% vs your usual 28%; high fuel per cycle vs your baseline,unclassified
EXC001,OP1003,2025-04-01 01:15:00,0.606325931203457,idle ratio 73% vs your usual 28%; high fuel per cycle vs your baseline,site_bottleneck
EXC001,OP1003,2025-04-01 03:15:00,0.6065407018950653,idle ratio 73% vs your usual 28%; high fuel per cycle vs your baseline,site_bottleneck
EXC001,OP1005,2025-04-10 16:15:00,0.6021243614306793,idle ratio 87% vs your usual 15%; high fuel per cycle vs your baseline,unclassified
EXC001,OP1007,2025-04-05 10:15:00,0.6026026633668924,high fuel per cycle vs your baseline,site_bottleneck
EXC001,OP1007,2025-06-05 12:45:00,0.6015725257143777,high fuel per cycle vs your baseline,unclassified
EXC001,OP1007,2025-06-05 14:15:00,0.604532919242215,high fuel per cycle vs your baseline,unclassified
EXC001,OP1007,2025-06-05 14:45:00,0.6388430445354509,15 belt-unfastened minute(s) this window,unclassified
EXC001,OP1007,2025-06-05 15:00:00,0.6005710589970362,7 belt-unfastened minute(s) this window; high fuel per cycle vs your baseline,unclassified
EXC001,OP1007,2025-06-05 15:45:00,0.6024669298448009,high fuel per cycle vs your baseline,operator_habit
EXC001,OP1007,2025-06-05 16:15:00,0.6048492607563255,high fuel per cycle vs your baseline,site_bottleneck
EXC001,OP1007,2025-06-05 16:30:00,0.6248185827244264,mildly elevated vs baseline: idle ratio 100% vs your usual 59%,unclassified
EXC001,OP1008,2025-03-18 09:15:00,0.6405250012597107,15 belt-unfastened minute(s) this window,site_bottleneck
EXC001,OP1008,2025-03-18 09:30:00,0.6469103365766656,15 belt-unfastened minute(s) this window,unclassified
EXC001,OP1008,2025-03-18 09:45:00,0.638963561379678,15 belt-unfastened minute(s) this window,unclassified
EXC001,OP1008,2025-03-18 10:00:00,0.6387922566562538,15 belt-unfastened minute(s) this window,unclassified
EXC001,OP1008,2025-03-18 10:15:00,0.638629044267774,15 belt-unfastened minute(s) this window,unclassified
EXC001,OP1008,2025-03-18 10:45:00,0.6149587201283977,high fuel per cycle vs your baseline,unclassified
EXC001,OP1008,2025-03-18 11:30:00,0.6123540584981285,high fuel per cycle vs your baseline,site_bottleneck
EXC001,OP1008,2025-03-18 13:45:00,0.5972212139478557,mildly elevated vs baseline: idle ratio 93% vs your usual 60%,operator_habit
EXC001,OP1008,2025-03-18 16:30:00,0.6408232737641937,unusually low load-cycle throughput this window,unclassified
EXC001,OP1008,2025-04-18 09:15:00,0.6568771381003575,8 belt-unfastened minute(s) this window; high fuel per cycle vs your baseline,unclassified
EXC001,OP1008,2025-04-18 11:15:00,0.6456381945221528,15 belt-unfastened minute(s) this window,unclassified
EXC001,OP1008,2025-04-18 11:30:00,0.6475632274234547,15 belt-unfastened minute(s) this window,unclassified
EXC001,OP1009,2025-04-02 07:15:00,0.6204839879414621,idle ratio 100% vs your usual 14%,unclassified
EXC001,OP1010,2025-05-31 07:45:00,0.6133789616653008,idle ratio 100% vs your usual 14%,unclassified
EXC001,OP1010,2025-06-11 07:30:00,0.633715365157444,idle ratio 100% vs your usual 14%; 3 belt-unfastened minute(s) this window,unclassified
EXC001,OP1012,2025-03-21 08:30:00,0.6149892784723456,idle ratio 80% vs your usual 15%; high fuel per cycle vs your baseline,site_bottleneck
EXC001,OP1012,2025-04-14 07:45:00,0.6135700416961047,idle ratio 100% vs your usual 15%,unclassified
EXC001,OP1012,2025-04-14 09:15:00,0.6191750591146952,4 belt-unfastened minute(s) this window; high fuel per cycle vs your baseline,unclassified
EXC001,OP1013,2025-05-29 12:30:00,0.6116394424276365,high fuel per cycle vs your baseline,unclassified
EXC001,OP1014,2025-03-24 00:45:00,0.6091217094158856,idle ratio 73% vs your usual 14%; high fuel per cycle vs your baseline,site_bottleneck
EXC001,OP1015,2025-05-07 10:45:00,0.6174678469055471,8 belt-unfastened minute(s) this window; high fuel per cycle vs your baseline,unclassified
EXC001,OP1015,2025-05-07 14:30:00,0.6711052877189744,idle ratio 87% vs your usual 33%; 13 belt-unfastened minute(s) this window; high fuel per cycle vs your baseline,site_bottleneck
EXC001,OP1016,2025-03-27 07:45:00,0.618342031397931,mildly elevated vs baseline: idle ratio 100% vs your usual 59%,unclassified
EXC001,OP1016,2025-03-27 09:00:00,0.5983096352651559,high fuel per cycle vs your baseline,unclassified
EXC001,OP1016,2025-03-27 10:30:00,0.5987110569134806,high fuel per cycle vs your baseline,operator_habit
EXC001,OP1016,2025-03-27 13:45:00,0.598336224659299,high fuel per cycle vs your baseline,unclassified
EXC001,OP1016,2025-06-01 08:15:00,0.6183934066961049,high fuel per cycle vs your baseline,unclassified
EXC001,OP1016,2025-06-01 09:30:00,0.6042357230436379,high fuel per cycle vs your baseline,unclassified
EXC001,OP1016,2025-06-01 14:30:00,0.6042147580360988,high fuel per cycle vs your baseline,unclassified
EXC001,OP1016,2025-06-01 16:15:00,0.6140814758047519,high fuel per cycle vs your baseline,site_bottleneck
EXC001,OP1017,2025-05-16 07:30:00,0.6079896144277808,idle ratio 100% vs your usual 12%,unclassified
EXC001,OP1017,2025-05-16 11:15:00,0.5987563590101749,3 belt-unfastened minute(s) this window; high fuel per cycle vs your baseline,unclassified
EXC001,OP1017,2025-05-16 12:45:00,0.6266829007097303,5 belt-unfastened minute(s) this window; high fuel per cycle vs your baseline,site_bottleneck
EXC001,OP1017,2025-05-16 13:00:00,0.6086608893161842,3 belt-unfastened minute(s) this window; high fuel per cycle vs your baseline,unclassified
EXC001,OP1017,2025-06-14 07:45:00,0.6260966666859783,idle ratio 100% vs your usual 12%,unclassified
EXC001,OP1018,2025-05-09 09:30:00,0.6387787138922614,high fuel per cycle vs your baseline,unclassified
EXC001,OP1018,2025-05-09 10:15:00,0.6427457921584829,high fuel per cycle vs your baseline,unclassified
EXC001,OP1018,2025-05-09 11:15:00,0.6060782057629832,high fuel per cycle vs your baseline,site_bottleneck
EXC001,OP1018,2025-05-09 12:45:00,0.6142949145203538,high fuel per cycle vs your baseline,unclassified
EXC001,OP1018,2025-05-09 13:45:00,0.6676013204621011,11 belt-unfastened minute(s) this window; high fuel per cycle vs your baseline,unclassified
EXC001,OP1021,2025-03-24 07:15:00,0.6082942560569399,idle ratio 100% vs your usual 34%,site_bottleneck
EXC001,OP1021,2025-03-24 13:30:00,0.5971695404128401,high fuel per cycle vs your baseline,site_bottleneck
EXC001,OP1021,2025-05-15 09:30:00,0.6001261248610043,high fuel per cycle vs your baseline,unclassified
EXC001,OP1021,2025-05-15 14:30:00,0.642395342742823,idle ratio 100% vs your usual 34%; 15 belt-unfastened minute(s) this window,unclassified
EXC001,OP1021,2025-05-15 17:30:00,0.6475380652701347,unusually low load-cycle throughput this window,unclassified
EXC001,OP1021,2025-05-19 12:15:00,0.6810885429027052,12 belt-unfastened minute(s) this window; high fuel per cycle vs your baseline,operator_habit
EXC001,OP1021,2025-05-19 16:00:00,0.6734406205218948,11 belt-unfastened minute(s) this window; high fuel per cycle vs your baseline,site_bottleneck
EXC001,OP1021,2025-05-23 09:15:00,0.6439384137063429,idle ratio 100% vs your usual 34%; 15 belt-unfastened minute(s) this window,operator_habit
EXC001,OP1021,2025-05-23 09:30:00,0.6427921938521873,idle ratio 100% vs your usual 34%; 15 belt-unfastened minute(s) this window,unclassified
EXC001,OP1021,2025-05-23 09:45:00,0.6469954065396887,idle ratio 100% vs your usual 34%; 15 belt-unfastened minute(s) this window,unclassified
EXC001,OP1021,2025-05-23 10:00:00,0.6457661348865159,idle ratio 100% vs your usual 34%; 15 belt-unfastened minute(s) this window,unclassified
EXC001,OP1021,2025-05-23 10:15:00,0.6655369394549313,12 belt-unfastened minute(s) this window; high fuel per cycle vs your baseline,unclassified
EXC001,OP1021,2025-05-23 13:45:00,0.6443977099378354,idle ratio 100% vs your usual 34%; 15 belt-unfastened minute(s) this window,unclassified
EXC001,OP1021,2025-05-23 15:15:00,0.6050263756308764,high fuel per cycle vs your baseline,operator_habit
EXC001,OP1022,2025-05-28 21:45:00,0.6464727939302338,15 belt-unfastened minute(s) this window,unclassified
EXC001,OP1022,2025-05-28 22:00:00,0.6706183509365561,13 belt-unfastened minute(s) this window,unclassified
EXC001,OP1022,2025-05-28 23:30:00,0.6063958590744702,high fuel per cycle vs your baseline,site_bottleneck
EXC001,OP1022,2025-05-29 00:00:00,0.6139849011798274,high fuel per cycle vs your baseline,site_bottleneck
EXC001,OP1022,2025-05-29 01:45:00,0.6381331458913417,15 belt-unfastened minute(s) this window,unclassified
EXC001,OP1022,2025-05-29 02:15:00,0.6127151271524386,high fuel per cycle vs your baseline,operator_habit
EXC001,OP1022,2025-05-29 03:15:00,0.6001072951224953,high fuel per cycle vs your baseline,unclassified
EXC001,OP1023,2025-04-09 13:15:00,0.6099019456839329,idle ratio 73% vs your usual 28%; high fuel per cycle vs your baseline,unclassified
EXC001,OP1024,2025-04-24 13:00:00,0.6035412631969594,high fuel per cycle vs your baseline,unclassified
EXC001,OP1024,2025-04-26 12:15:00,0.6136373280212409,5 belt-unfastened minute(s) this window; high fuel per cycle vs your baseline,unclassified
EXC001,OP1024,2025-05-14 11:15:00,0.673436708416706,7 belt-unfastened minute(s) this window; high fuel per cycle vs your baseline,unclassified
EXC001,OP1025,2025-04-19 08:45:00,0.6027578757232739,high fuel per cycle vs your baseline,unclassified
EXC001,OP1025,2025-04-19 11:15:00,0.6405891978272412,15 belt-unfastened minute(s) this window,unclassified
EXC001,OP1025,2025-04-19 11:30:00,0.641501618145102,15 belt-unfastened minute(s) this window,unclassified
EXC001,OP1025,2025-04-19 11:45:00,0.6367883710572781,15 belt-unfastened minute(s) this window,unclassified
EXC001,OP1026,2025-05-21 21:45:00,0.6431242943973505,15 belt-unfastened minute(s) this window,unclassified
EXC001,OP1026,2025-05-21 23:15:00,0.6018974170130293,high fuel per cycle vs your baseline,unclassified
EXC001,OP1026,2025-05-22 00:15:00,0.6378152051864128,15 belt-unfastened minute(s) this window,unclassified
EXC001,OP1026,2025-05-22 03:15:00,0.6471252431894137,15 belt-unfastened minute(s) this window,unclassified
EXC001,OP1027,2025-03-22 09:15:00,0.6363385455463325,idle ratio 100% vs your usual 33%; 15 belt-unfastened minute(s) this window,unclassified
EXC001,OP1027,2025-03-22 11:15:00,0.6418264329601532,idle ratio 100% vs your usual 33%; 15 belt-unfastened minute(s) this window,unclassified
EXC001,OP1027,2025-03-22 11:30:00,0.656521385937316,idle ratio 100% vs your usual 33%; 15 belt-unfastened minute(s) this window,unclassified
EXC001,OP1027,2025-03-22 11:45:00,0.6407417231405653,idle ratio 100% vs your usual 33%; 15 belt-unfastened minute(s) this window,unclassified
EXC001,OP1027,2025-03-22 12:00:00,0.6533814356728922,idle ratio 100% vs your usual 33%; 15 belt-unfastened minute(s) this window,unclassified
EXC001,OP1027,2025-03-22 12:15:00,0.6471498049753417,idle ratio 100% vs your usual 33%; 15 belt-unfastened minute(s) this window,unclassified
EXC001,OP1027,2025-03-22 13:30:00,0.6819573877795151,idle ratio 93% vs your usual 33%; 14 belt-unfastened minute(s) this window,unclassified
EXC001,OP1027,2025-03-22 14:15:00,0.678867951164676,idle ratio 87% vs your usual 33%; 13 belt-unfastened minute(s) this window,unclassified
EXC001,OP1027,2025-03-22 16:30:00,0.6219210163796403,idle ratio 100% vs your usual 33%; 10 belt-unfastened minute(s) this window,unclassified
EXC001,OP1027,2025-04-06 07:45:00,0.603547552473574,idle ratio 83% vs your usual 33%,unclassified
EXC001,OP1027,2025-04-06 10:30:00,0.6706513806363069,idle ratio 87% vs your usual 33%; 13 belt-unfastened minute(s) this window; high fuel per cycle vs your baseline,unclassified
EXC001,OP1027,2025-04-06 11:30:00,0.6836193105389613,12 belt-unfastened minute(s) this window; high fuel per cycle vs your baseline,site_bottleneck
EXC001,OP1027,2025-05-27 09:30:00,0.6432400944062364,idle ratio 100% vs your usual 33%; 15 belt-unfastened minute(s) this window,unclassified
EXC001,OP1027,2025-05-27 13:15:00,0.6773644552649692,12 belt-unfastened minute(s) this window; high fuel per cycle vs your baseline,unclassified
EXC001,OP1027,2025-05-27 14:00:00,0.6035501507429686,10 belt-unfastened minute(s) this window,site_bottleneck
EXC001,OP1027,2025-05-27 15:15:00,0.6741244285163387,11 belt-unfastened minute(s) this window; high fuel per cycle vs your baseline,unclassified
EXC001,OP1027,2025-06-08 08:00:00,0.6288464923501105,idle ratio 100% vs your usual 33%,unclassified
EXC001,OP1027,2025-06-08 14:15:00,0.598522655336051,high fuel per cycle vs your baseline,operator_habit
EXC001,OP1028,2025-03-17 11:15:00,0.6790139242743225,9 belt-unfastened minute(s) this window; high fuel per cycle vs your baseline,unclassified
EXC001,OP1028,2025-03-17 13:15:00,0.6735719615719105,7 belt-unfastened minute(s) this window; high fuel per cycle vs your baseline,unclassified
EXC001,OP1028,2025-03-29 12:15:00,0.6297324439347625,3 belt-unfastened minute(s) this window; high fuel per cycle vs your baseline,unclassified
EXC001,OP1028,2025-04-07 07:15:00,0.606160035952078,idle ratio 100% vs your usual 13%,unclassified
EXC001,OP1028,2025-04-07 08:15:00,0.6153456313448237,high fuel per cycle vs your baseline,unclassified
EXC001,OP1028,2025-04-16 16:00:00,0.6327258126500671,unusually low load-cycle throughput this window,unclassified
EXC001,OP1029,2025-04-23 07:45:00,0.6346796252569289,idle ratio 100% vs your usual 31%,unclassified
EXC001,OP1030,2025-03-19 11:45:00,0.6099019456839329,high fuel per cycle vs your baseline,operator_habit
EXC001,OP1030,2025-03-19 12:30:00,0.6424631195197928,idle ratio 100% vs your usual 32%; 15 belt-unfastened minute(s) this window,unclassified
EXC001,OP1030,2025-03-19 13:30:00,0.6010950795478199,high fuel per cycle vs your baseline,unclassified
EXC001,OP1030,2025-03-19 16:15:00,0.6440910503703196,idle ratio 100% vs your usual 32%; 15 belt-unfastened minute(s) this window,unclassified
EXC001,OP1030,2025-05-04 08:15:00,0.6688334658587577,idle ratio 87% vs your usual 32%; 13 belt-unfastened minute(s) this window,site_bottleneck
EXC001,OP1030,2025-05-04 09:45:00,0.6685593000107055,11 belt-unfastened minute(s) this window; high fuel per cycle vs your baseline,unclassified
EXC001,OP1030,2025-05-04 13:15:00,0.667560009606198,11 belt-unfastened minute(s) this window; high fuel per cycle vs your baseline,site_bottleneck
EXC001,OP1030,2025-05-04 15:45:00,0.6433085493927272,high fuel per cycle vs your baseline,unclassified
EXC001,OP1031,2025-03-30 10:30:00,0.5988753309563475,high fuel per cycle vs your baseline,unclassified
EXC001,OP1032,2025-03-26 05:00:00,0.6886284410852892,unusually low load-cycle throughput this window,unclassified
EXC001,OP1033,2025-04-30 09:15:00,0.605766609975537,idle ratio 73% vs your usual 30%; high fuel per cycle vs your baseline,unclassified
EXC001,OP1033,2025-04-30 11:45:00,0.6083005800250574,idle ratio 73% vs your usual 30%; high fuel per cycle vs your baseline,site_bottleneck
EXC001,OP1033,2025-04-30 15:30:00,0.6726007607184927,10 belt-unfastened minute(s) this window; high fuel per cycle vs your baseline,unclassified
EXC001,OP1033,2025-04-30 16:45:00,0.6713185192229649,unusually low load-cycle throughput this window,unclassified
EXC001,OP1033,2025-06-02 15:45:00,0.68197471753442,unusually low load-cycle throughput this window,unclassified
EXC001,OP1034,2025-05-18 15:45:00,0.6069179724800488,idle ratio 80% vs your usual 14%; high fuel per cycle vs your baseline,site_bottleneck
EXC001,OP1035,2025-04-22 07:45:00,0.6295451820342557,idle ratio 100% vs your usual 33%,unclassified
EXC001,OP1035,2025-04-22 11:30:00,0.6738964154046561,11 belt-unfastened minute(s) this window; high fuel per cycle vs your baseline,unclassified
EXC001,OP1035,2025-04-22 13:45:00,0.6007388220241894,high fuel per cycle vs your baseline,unclassified
EXC001,OP1035,2025-06-07 12:00:00,0.6650012749245449,idle ratio 80% vs your usual 33%; 12 belt-unfastened minute(s) this window; high fuel per cycle vs your baseline,unclassified
EXC001,OP1035,2025-06-07 15:15:00,0.6844294833547987,idle ratio 93% vs your usual 33%; 14 belt-unfastened minute(s) this window,operator_habit
EXC001,OP1037,2025-04-08 19:45:00,0.5995584995230598,idle ratio 100% vs your usual 14%,unclassified
EXC001,OP1037,2025-04-09 04:45:00,0.6731377996056142,unusually low load-cycle throughput this window,unclassified
EXC001,OP1039,2025-05-20 08:30:00,0.6460751722989765,idle ratio 100% vs your usual 31%; 15 belt-unfastened minute(s) this window,unclassified
EXC001,OP1039,2025-05-20 08:45:00,0.6422095661152697,idle ratio 100% vs your usual 31%; 15 belt-unfastened minute(s) this window,unclassified
EXC001,OP1039,2025-05-20 09:00:00,0.6352553416887822,idle ratio 100% vs your usual 31%; 15 belt-unfastened minute(s) this window,unclassified
EXC001,OP1039,2025-05-20 09:15:00,0.640116763024609,idle ratio 100% vs your usual 31%; 15 belt-unfastened minute(s) this window,unclassified
EXC001,OP1039,2025-05-20 10:30:00,0.6079579099665673,idle ratio 87% vs your usual 31%; high fuel per cycle vs your baseline,unclassified
EXC001,OP1039,2025-06-03 12:45:00,0.6518971349243589,7 belt-unfastened minute(s) this window; high fuel per cycle vs your baseline,unclassified
EXC001,OP1040,2025-06-09 07:15:00,0.6163921915953994,idle ratio 100% vs your usual 14%,unclassified
EXC001,OP1040,2025-06-09 14:45:00,0.6708644679195744,unusually low load-cycle throughput this window,unclassified
EXC002,OP1001,2025-03-29 08:00:00,0.6565849813072054,idle ratio 87% vs your usual 33%; 13 belt-unfastened minute(s) this window,operator_habit
EXC002,OP1002,2025-04-02 09:15:00,0.5984533451823045,high fuel per cycle vs your baseline,unclassified
EXC002,OP1002,2025-04-02 11:15:00,0.6407201686744854,15 belt-unfastened minute(s) this window,unclassified
EXC002,OP1002,2025-04-02 11:30:00,0.6330666120893217,15 belt-unfastened minute(s) this window,unclassified
EXC002,OP1002,2025-04-02 11:45:00,0.6345675232277658,15 belt-unfastened minute(s) this window,unclassified
EXC002,OP1002,2025-04-02 12:00:00,0.637857875776585,15 belt-unfastened minute(s) this window,unclassified
EXC002,OP1002,2025-04-02 12:15:00,0.6602218354051382,12 belt-unfastened minute(s) this window; high fuel per cycle vs your baseline,unclassified
EXC002,OP1002,2025-04-02 13:30:00,0.6015983518028726,high fuel per cycle vs your baseline,site_bottleneck
EXC002,OP1003,2025-03-27 21:30:00,0.5977143070996056,idle ratio 73% vs your usual 28%; high fuel per cycle vs your baseline,unclassified
EXC002,OP1003,2025-03-28 00:45:00,0.6118982348013747,7 belt-unfastened minute(s) this window; high fuel per cycle vs your baseline,unclassified
EXC002,OP1005,2025-03-17 07:45:00,0.6212436585777789,idle ratio 100% vs your usual 15%,unclassified
EXC002,OP1005,2025-03-17 15:15:00,0.6089558839879864,idle ratio 100% vs your usual 15%,site_bottleneck
EXC002,OP1006,2025-06-11 11:00:00,0.6165283646116072,8 belt-unfastened minute(s) this window; high fuel per cycle vs your baseline,unclassified
EXC002,OP1007,2025-04-04 16:15:00,0.6709530142043083,unusually low load-cycle throughput this window,unclassified
EXC002,OP1007,2025-05-04 10:15:00,0.6387423274286652,15 belt-unfastened minute(s) this window,unclassified
EXC002,OP1007,2025-05-04 10:30:00,0.6451511899327069,15 belt-unfastened minute(s) this window,unclassified
EXC002,OP1007,2025-05-04 10:45:00,0.632424451692739,15 belt-unfastened minute(s) this window,unclassified
EXC002,OP1007,2025-05-04 11:00:00,0.6399058258236945,15 belt-unfastened minute(s) this window,unclassified
EXC002,OP1007,2025-05-18 10:15:00,0.629342648771045,9 belt-unfastened minute(s) this window; high fuel per cycle vs your baseline,unclassified
EXC002,OP1007,2025-05-18 16:45:00,0.6037801675601421,mildly elevated vs baseline: idle ratio 100% vs your usual 59%,unclassified
EXC002,OP1008,2025-03-20 08:00:00,0.6656297365838227,11 belt-unfastened minute(s) this window; high fuel per cycle vs your baseline,site_bottleneck
EXC002,OP1008,2025-03-20 15:00:00,0.6383800121770814,15 belt-unfastened minute(s) this window,unclassified
EXC002,OP1008,2025-05-30 08:30:00,0.6462433645259406,15 belt-unfastened minute(s) this window,site_bottleneck
EXC002,OP1008,2025-05-30 08:45:00,0.6440008940696447,15 belt-unfastened minute(s) this window,unclassified
EXC002,OP1008,2025-05-30 09:00:00,0.6392504704490856,15 belt-unfastened minute(s) this window,unclassified
EXC002,OP1008,2025-05-30 09:30:00,0.6050392402577891,high fuel per cycle vs your baseline,operator_habit
EXC002,OP1008,2025-05-30 14:00:00,0.6394706151068775,15 belt-unfastened minute(s) this window,unclassified
EXC002,OP1010,2025-03-28 07:30:00,0.6133067130542961,idle ratio 100% vs your usual 14%,site_bottleneck
EXC002,OP1013,2025-04-21 08:00:00,0.6134132025016971,idle ratio 100% vs your usual 13%,site_bottleneck
EXC002,OP1015,2025-04-06 14:00:00,0.600965813538573,8 belt-unfastened minute(s) this window; high fuel per cycle vs your baseline,unclassified
EXC002,OP1015,2025-04-17 07:45:00,0.6191108261009018,idle ratio 100% vs your usual 33%,site_bottleneck
EXC002,OP1016,2025-03-23 14:15:00,0.6350667873495278,15 belt-unfastened minute(s) this window,unclassified
EXC002,OP1016,2025-03-23 14:30:00,0.6485361869529327,13 belt-unfastened minute(s) this window,unclassified
EXC002,OP1016,2025-03-23 15:00:00,0.6013781373173309,high fuel per cycle vs your baseline,unclassified
EXC002,OP1016,2025-03-23 15:15:00,0.6146389573109374,8 belt-unfastened minute(s) this window; high fuel per cycle vs your baseline,unclassified
EXC002,OP1016,2025-05-23 07:30:00,0.6373817248433816,mildly elevated vs baseline: idle ratio 100% vs your usual 59%,operator_habit
EXC002,OP1016,2025-05-23 10:00:00,0.6325756518679176,15 belt-unfastened minute(s) this window,unclassified
EXC002,OP1016,2025-05-23 10:15:00,0.634782229393634,15 belt-unfastened minute(s) this window,unclassified
EXC002,OP1016,2025-05-23 10:30:00,0.6378785833227146,15 belt-unfastened minute(s) this window,unclassified
EXC002,OP1016,2025-05-23 10:45:00,0.6376180933765893,15 belt-unfastened minute(s) this window,unclassified
EXC002,OP1016,2025-05-23 11:00:00,0.6388120775053978,15 belt-unfastened minute(s) this window,unclassified
EXC002,OP1016,2025-05-23 14:30:00,0.611770801961678,mildly elevated vs baseline: idle ratio 100% vs your usual 59%,unclassified
EXC002,OP1016,2025-06-05 10:15:00,0.6496806888978016,12 belt-unfastened minute(s) this window,operator_habit
EXC002,OP1017,2025-05-19 11:30:00,0.6174250738078884,8 belt-unfastened minute(s) this window; high fuel per cycle vs your baseline,unclassified
EXC002,OP1017,2025-05-20 08:00:00,0.6379204424619658,idle ratio 100% vs your usual 12%,unclassified
EXC002,OP1017,2025-05-20 12:15:00,0.6172112881131095,high fuel per cycle vs your baseline,unclassified
EXC002,OP1017,2025-05-26 07:45:00,0.655054679044902,idle ratio 100% vs your usual 12%,site_bottleneck
EXC002,OP1017,2025-05-26 10:15:00,0.6356566514546101,8 belt-unfastened minute(s) this window; high fuel per cycle vs your baseline,unclassified
EXC002,OP1018,2025-05-03 08:45:00,0.6546096166875627,idle ratio 80% vs your usual 33%; 12 belt-unfastened minute(s) this window; high fuel per cycle vs your baseline,operator_habit
EXC002,OP1018,2025-05-03 10:00:00,0.6585440341332112,idle ratio 80% vs your usual 33%; 12 belt-unfastened minute(s) this window; high fuel per cycle vs your baseline,unclassified
EXC002,OP1018,2025-05-03 12:15:00,0.6565848483663185,11 belt-unfastened minute(s) this window; high fuel per cycle vs your baseline,site_bottleneck
EXC002,OP1018,2025-05-03 12:45:00,0.6546187526569297,idle ratio 80% vs your usual 33%; 12 belt-unfastened minute(s) this window; high fuel per cycle vs your baseline,site_bottleneck
EXC002,OP1018,2025-05-03 15:15:00,0.6362446123499089,mildly elevated vs baseline: idle ratio 75% vs your usual 33%,site_bottleneck
EXC002,OP1021,2025-04-01 09:30:00,0.6496592764776119,11 belt-unfastened minute(s) this window; high fuel per cycle vs your baseline,unclassified
EXC002,OP1021,2025-04-01 11:00:00,0.6464620212172086,idle ratio 100% vs your usual 34%; 15 belt-unfastened minute(s) this window,unclassified
EXC002,OP1021,2025-04-01 13:00:00,0.6391979583696886,idle ratio 87% vs your usual 34%; 13 belt-unfastened minute(s) this window,unclassified
EXC002,OP1021,2025-04-01 14:15:00,0.6123693866600391,high fuel per cycle vs your baseline,unclassified
EXC002,OP1021,2025-04-27 11:15:00,0.6220571075418637,high fuel per cycle vs your baseline,unclassified
EXC002,OP1021,2025-04-27 11:30:00,0.610240121757107,high fuel per cycle vs your baseline,unclassified
EXC002,OP1021,2025-04-27 12:15:00,0.6523782693340826,idle ratio 87% vs your usual 34%; 13 belt-unfastened minute(s) this window,unclassified
EXC002,OP1021,2025-04-27 13:15:00,0.6562167990355812,12 belt-unfastened minute(s) this window; high fuel per cycle vs your baseline,operator_habit
EXC002,OP1021,2025-04-27 14:15:00,0.609496226215281,10 belt-unfastened minute(s) this window,operator_habit
EXC002,OP1021,2025-04-27 17:45:00,0.6065462969924789,unusually low load-cycle throughput this window,unclassified
EXC002,OP1022,2025-04-09 00:45:00,0.635926724034658,15 belt-unfastened minute(s) this window,unclassified
EXC002,OP1022,2025-04-09 01:00:00,0.6371284944494267,15 belt-unfastened minute(s) this window,unclassified
EXC002,OP1022,2025-04-09 01:45:00,0.6513230191252114,15 belt-unfastened minute(s) this window,unclassified
EXC002,OP1022,2025-04-09 02:00:00,0.6449329766116944,15 belt-unfastened minute(s) this window,unclassified
EXC002,OP1022,2025-04-09 02:15:00,0.6363622233536036,15 belt-unfastened minute(s) this window,unclassified
EXC002,OP1023,2025-04-03 08:00:00,0.6019433523133632,idle ratio 100% vs your usual 28%,unclassified
EXC002,OP1024,2025-04-13 08:00:00,0.6313198844086514,idle ratio 100% vs your usual 12%,unclassified
EXC002,OP1025,2025-05-06 11:45:00,0.6455025709317069,15 belt-unfastened minute(s) this window,unclassified
EXC002,OP1025,2025-05-06 12:00:00,0.635501697761251,15 belt-unfastened minute(s) this window,unclassified
EXC002,OP1025,2025-05-06 14:15:00,0.6353235217792523,15 belt-unfastened minute(s) this window,unclassified
EXC002,OP1025,2025-05-06 14:30:00,0.6338920284563196,15 belt-unfastened minute(s) this window,unclassified
EXC002,OP1025,2025-05-06 14:45:00,0.6453694770862808,15 belt-unfastened minute(s) this window,unclassified
EXC002,OP1025,2025-05-06 15:00:00,0.6317386187138763,15 belt-unfastened minute(s) this window,unclassified
EXC002,OP1025,2025-05-06 15:15:00,0.6350667873495278,15 belt-unfastened minute(s) this window,unclassified
EXC002,OP1025,2025-05-08 10:00:00,0.6380496430266414,15 belt-unfastened minute(s) this window,unclassified
EXC002,OP1025,2025-05-08 10:15:00,0.639179754946748,15 belt-unfastened minute(s) this window,unclassified
EXC002,OP1026,2025-05-22 21:45:00,0.6348074456541836,15 belt-unfastened minute(s) this window,unclassified
EXC002,OP1026,2025-05-22 22:00:00,0.6462031992553295,15 belt-unfastened minute(s) this window,unclassified
EXC002,OP1026,2025-05-22 22:15:00,0.6496028551758499,15 belt-unfastened minute(s) this window,unclassified
EXC002,OP1026,2025-05-23 01:45:00,0.6354966102367502,15 belt-unfastened minute(s) this window,unclassified
EXC002,OP1026,2025-05-23 02:00:00,0.6388120775053978,15 belt-unfastened minute(s) this window,unclassified
EXC002,OP1026,2025-05-25 19:45:00,0.6173585247799923,mildly elevated vs baseline: 5 belt-unfastened minute(s) this window,unclassified
EXC002,OP1026,2025-05-26 00:00:00,0.6363552728407667,15 belt-unfastened minute(s) this window,unclassified
EXC002,OP1026,2025-05-26 01:15:00,0.6788627841716426,14 belt-unfastened minute(s) this window,unclassified
EXC002,OP1026,2025-05-26 02:00:00,0.6387164785412417,15 belt-unfastened minute(s) this window,unclassified
EXC002,OP1026,2025-05-26 03:30:00,0.6379204424619658,mildly elevated vs baseline: idle ratio 100% vs your usual 62%,unclassified
EXC002,OP1027,2025-05-16 09:00:00,0.646794293376652,9 belt-unfastened minute(s) this window; high fuel per cycle vs your baseline,unclassified
EXC002,OP1029,2025-03-22 09:30:00,0.6719679923960816,idle ratio 93% vs your usual 31%; 14 belt-unfastened minute(s) this window,unclassified
EXC002,OP1029,2025-06-13 09:45:00,0.6599261346371728,11 belt-unfastened minute(s) this window; high fuel per cycle vs your baseline,unclassified
EXC002,OP1030,2025-04-30 11:30:00,0.6229669042954239,high fuel per cycle vs your baseline,unclassified
EXC002,OP1030,2025-04-30 12:00:00,0.6262757092094975,high fuel per cycle vs your baseline,unclassified
EXC002,OP1030,2025-04-30 13:30:00,0.6500285675784173,11 belt-unfastened minute(s) this window; high fuel per cycle vs your baseline,site_bottleneck
EXC002,OP1030,2025-05-10 08:30:00,0.6390282198178405,idle ratio 100% vs your usual 32%; 15 belt-unfastened minute(s) this window,unclassified
EXC002,OP1030,2025-05-10 11:00:00,0.6477729470823389,idle ratio 80% vs your usual 32%; 12 belt-unfastened minute(s) this window,site_bottleneck
EXC002,OP1030,2025-05-10 14:00:00,0.6545645723072427,idle ratio 80% vs your usual 32%; 12 belt-unfastened minute(s) this window; high fuel per cycle vs your baseline,site_bottleneck
EXC002,OP1030,2025-05-29 10:00:00,0.6702489505924769,idle ratio 80% vs your usual 32%; 12 belt-unfastened minute(s) this window; high fuel per cycle vs your baseline,unclassified
EXC002,OP1030,2025-05-29 11:45:00,0.6651742078199929,11 belt-unfastened minute(s) this window; high fuel per cycle vs your baseline,site_bottleneck
EXC002,OP1031,2025-06-03 08:00:00,0.6540608802805616,idle ratio 100% vs your usual 13%,unclassified
EXC002,OP1031,2025-06-03 14:15:00,0.6436096909242058,7 belt-unfastened minute(s) this window; high fuel per cycle vs your baseline,unclassified
EXC002,OP1032,2025-04-05 20:00:00,0.6430501086754601,idle ratio 100% vs your usual 15%,unclassified
EXC002,OP1032,2025-04-24 19:45:00,0.6003941375679934,idle ratio 100% vs your usual 15%,unclassified
EXC002,OP1034,2025-05-27 07:45:00,0.6075356633756979,idle ratio 100% vs your usual 14%,unclassified
EXC002,OP1034,2025-05-27 15:30:00,0.6005900870299216,unusually low load-cycle throughput this window,unclassified
EXC002,OP1035,2025-06-02 08:15:00,0.6534496679877528,idle ratio 87% vs your usual 33%; 13 belt-unfastened minute(s) this window,operator_habit
EXC002,OP1037,2025-06-06 19:45:00,0.6370679997018603,idle ratio 100% vs your usual 14%; 5 belt-unfastened minute(s) this window,unclassified
EXC002,OP1037,2025-06-07 04:15:00,0.6398284543973021,unusually low load-cycle throughput this window,unclassified
EXC002,OP1039,2025-04-11 08:45:00,0.6475331196782573,idle ratio 80% vs your usual 31%; 12 belt-unfastened minute(s) this window; high fuel per cycle vs your baseline,site_bottleneck
EXC002,OP1040,2025-05-05 08:15:00,0.6296761116480365,idle ratio 100% vs your usual 14%,unclassified
EXC003,OP1001,2025-04-29 07:45:00,0.6594031775341402,idle ratio 100% vs your usual 33%,unclassified
EXC003,OP1001,2025-04-29 09:45:00,0.6535664273168867,idle ratio 80% vs your usual 33%; 12 belt-unfastened minute(s) this window; high fuel per cycle vs your baseline,unclassified
EXC003,OP1001,2025-04-29 11:15:00,0.6572807781282827,11 belt-unfastened minute(s) this window; high fuel per cycle vs your baseline,site_bottleneck
EXC003,OP1001,2025-04-29 11:30:00,0.6352553416887822,idle ratio 100% vs your usual 33%; 15 belt-unfastened minute(s) this window,unclassified
EXC003,OP1001,2025-04-29 13:00:00,0.6548020481336467,11 belt-unfastened minute(s) this window; high fuel per cycle vs your baseline,site_bottleneck
EXC003,OP1001,2025-04-29 15:15:00,0.6605868426358213,11 belt-unfastened minute(s) this window; high fuel per cycle vs your baseline,unclassified
EXC003,OP1001,2025-05-24 11:30:00,0.662485024699231,idle ratio 80% vs your usual 33%; 12 belt-unfastened minute(s) this window; high fuel per cycle vs your baseline,operator_habit
EXC003,OP1001,2025-05-24 11:45:00,0.6407667341528646,idle ratio 100% vs your usual 33%; 15 belt-unfastened minute(s) this window,unclassified
EXC003,OP1001,2025-05-24 15:30:00,0.6531416069883798,idle ratio 100% vs your usual 33%; 15 belt-unfastened minute(s) this window,site_bottleneck
EXC003,OP1001,2025-05-26 08:00:00,0.6092202026806668,idle ratio 83% vs your usual 33%,unclassified
EXC003,OP1001,2025-05-26 10:30:00,0.6579106143036368,11 belt-unfastened minute(s) this window; high fuel per cycle vs your baseline,operator_habit
EXC003,OP1001,2025-05-26 10:45:00,0.658724378259328,idle ratio 87% vs your usual 33%; 13 belt-unfastened minute(s) this window,unclassified
EXC003,OP1001,2025-05-26 11:00:00,0.6683905823251517,idle ratio 80% vs your usual 33%; 12 belt-unfastened minute(s) this window; high fuel per cycle vs your baseline,site_bottleneck
EXC003,OP1001,2025-05-26 11:15:00,0.6369080579769867,idle ratio 100% vs your usual 33%; 15 belt-unfastened minute(s) this window,unclassified
EXC003,OP1001,2025-05-26 11:30:00,0.6381331458913417,idle ratio 100% vs your usual 33%; 15 belt-unfastened minute(s) this window,unclassified
EXC003,OP1001,2025-05-26 11:45:00,0.6445341675873211,idle ratio 100% vs your usual 33%; 15 belt-unfastened minute(s) this window,unclassified
EXC003,OP1001,2025-05-26 12:00:00,0.6627100687629192,idle ratio 80% vs your usual 33%; 12 belt-unfastened minute(s) this window; high fuel per cycle vs your baseline,unclassified
EXC003,OP1001,2025-05-26 12:45:00,0.6567339206025936,idle ratio 80% vs your usual 33%; 12 belt-unfastened minute(s) this window; high fuel per cycle vs your baseline,operator_habit
EXC003,OP1001,2025-05-26 13:00:00,0.6407157933407731,idle ratio 100% vs your usual 33%; 15 belt-unfastened minute(s) this window,unclassified
EXC003,OP1001,2025-05-26 14:15:00,0.6443742410455867,idle ratio 100% vs your usual 33%; 15 belt-unfastened minute(s) this window,unclassified
EXC003,OP1001,2025-05-26 15:00:00,0.6656297365838227,11 belt-unfastened minute(s) this window; high fuel per cycle vs your baseline,unclassified
EXC003,OP1001,2025-05-26 15:45:00,0.6780775082582545,idle ratio 93% vs your usual 33%; 14 belt-unfastened minute(s) this window,operator_habit
EXC003,OP1001,2025-05-26 17:00:00,0.6010931224584684,unusually low load-cycle throughput this window,unclassified
EXC003,OP1001,2025-05-30 08:00:00,0.6465354658754013,idle ratio 100% vs your usual 33%,unclassified
EXC003,OP1001,2025-05-30 15:30:00,0.683918579341664,idle ratio 93% vs your usual 33%; 14 belt-unfastened minute(s) this window,site_bottleneck
EXC003,OP1001,2025-05-30 16:45:00,0.6071434254660941,idle ratio 82% vs your usual 33%,site_bottleneck
EXC003,OP1002,2025-04-09 09:00:00,0.6780973633350447,12 belt-unfastened minute(s) this window; high fuel per cycle vs your baseline,site_bottleneck
EXC003,OP1002,2025-04-09 11:45:00,0.6544358304690638,15 belt-unfastened minute(s) this window,unclassified
EXC003,OP1002,2025-04-09 12:00:00,0.6469500153124657,15 belt-unfastened minute(s) this window,unclassified
EXC003,OP1002,2025-04-09 12:15:00,0.6432652029411289,15 belt-unfastened minute(s) this window,unclassified
EXC003,OP1002,2025-04-09 12:30:00,0.6482572733226455,15 belt-unfastened minute(s) this window,unclassified
EXC003,OP1002,2025-04-09 13:15:00,0.6542661720141881,15 belt-unfastened minute(s) this window,unclassified
EXC003,OP1002,2025-04-09 13:30:00,0.6397021175091095,15 belt-unfastened minute(s) this window,unclassified
EXC003,OP1002,2025-04-09 15:00:00,0.6578171137262655,15 belt-unfastened minute(s) this window,unclassified
EXC003,OP1002,2025-04-09 15:15:00,0.6383490584870114,15 belt-unfastened minute(s) this window,unclassified
EXC003,OP1002,2025-04-09 15:30:00,0.6471616951509125,15 belt-unfastened minute(s) this window,unclassified
EXC003,OP1002,2025-04-14 08:45:00,0.6504108043124922,15 belt-unfastened minute(s) this window,unclassified
EXC003,OP1002,2025-04-14 12:45:00,0.6407417231405653,15 belt-unfastened minute(s) this window,unclassified
EXC003,OP1002,2025-04-14 13:00:00,0.6722867059439914,12 belt-unfastened minute(s) this window; high fuel per cycle vs your baseline,unclassified
EXC003,OP1002,2025-04-14 14:45:00,0.6481906213352855,12 belt-unfastened minute(s) this window,site_bottleneck
EXC003,OP1002,2025-04-14 15:00:00,0.647838983799541,15 belt-unfastened minute(s) this window,unclassified
EXC003,OP1002,2025-04-14 15:15:00,0.6403873552071789,mildly elevated vs baseline: idle ratio 100% vs your usual 61%,unclassified
EXC003,OP1003,2025-06-07 03:00:00,0.6273768620281981,idle ratio 100% vs your usual 28%,unclassified
EXC003,OP1005,2025-05-25 07:45:00,0.6134132025016971,idle ratio 100% vs your usual 15%,unclassified
EXC003,OP1006,2025-06-02 15:45:00,0.6566712025459216,unusually low load-cycle throughput this window,unclassified
EXC003,OP1007,2025-03-17 08:30:00,0.6003833415488264,high fuel per cycle vs your baseline,operator_habit
EXC003,OP1007,2025-03-17 09:15:00,0.6549146470793437,11 belt-unfastened minute(s) this window; high fuel per cycle vs your baseline,operator_habit
EXC003,OP1007,2025-03-17 09:30:00,0.6388181086104215,15 belt-unfastened minute(s) this window,unclassified
EXC003,OP1007,2025-03-17 14:00:00,0.652194030597425,11 belt-unfastened minute(s) this window; high fuel per cycle vs your baseline,unclassified
EXC003,OP1008,2025-03-23 08:45:00,0.6766465898175236,14 belt-unfastened minute(s) this window,site_bottleneck
EXC003,OP1008,2025-03-23 09:00:00,0.6486594853480165,15 belt-unfastened minute(s) this window,unclassified
EXC003,OP1008,2025-03-23 09:15:00,0.6403775826721384,15 belt-unfastened minute(s) this window,unclassified
EXC003,OP1008,2025-03-23 09:30:00,0.6477935333895066,15 belt-unfastened minute(s) this window,unclassified
EXC003,OP1008,2025-03-23 11:45:00,0.6400917773825966,15 belt-unfastened minute(s) this window,unclassified
EXC003,OP1008,2025-03-23 12:00:00,0.6409325797762019,15 belt-unfastened minute(s) this window,unclassified
EXC003,OP1008,2025-03-23 12:15:00,0.6352553416887822,15 belt-unfastened minute(s) this window,unclassified
EXC003,OP1008,2025-03-23 12:45:00,0.6736490968390283,13 belt-unfastened minute(s) this window,unclassified
EXC003,OP1008,2025-03-23 16:15:00,0.645201512298518,15 belt-unfastened minute(s) this window,unclassified
EXC003,OP1008,2025-03-28 08:15:00,0.640085592207117,15 belt-unfastened minute(s) this window,unclassified
EXC003,OP1008,2025-03-28 13:15:00,0.6425876143887567,15 belt-unfastened minute(s) this window,unclassified
EXC003,OP1008,2025-03-28 13:30:00,0.6469175497223673,15 belt-unfastened minute(s) this window,unclassified
EXC003,OP1008,2025-03-28 17:00:00,0.6653720961340918,unusually low load-cycle throughput this window,unclassified
EXC003,OP1008,2025-04-11 08:45:00,0.6381331458913417,15 belt-unfastened minute(s) this window,unclassified
EXC003,OP1008,2025-04-11 09:00:00,0.6435028811421808,15 belt-unfastened minute(s) this window,unclassified
EXC003,OP1008,2025-04-11 09:15:00,0.64215299544782,15 belt-unfastened minute(s) this window,unclassified
EXC003,OP1008,2025-04-11 09:30:00,0.6539432885772853,11 belt-unfastened minute(s) this window; high fuel per cycle vs your baseline,unclassified
EXC003,OP1008,2025-04-11 15:15:00,0.6633561311332578,12 belt-unfastened minute(s) this window; high fuel per cycle vs your baseline,unclassified
EXC003,OP1008,2025-04-11 16:15:00,0.6206134909673748,mildly elevated vs baseline: idle ratio 100% vs your usual 60%,unclassified
EXC003,OP1008,2025-05-15 11:30:00,0.6867487822680284,14 belt-unfastened minute(s) this window,unclassified
EXC003,OP1008,2025-05-15 11:45:00,0.6451562469254514,15 belt-unfastened minute(s) this window,unclassified
EXC003,OP1008,2025-05-15 15:45:00,0.6469175497223673,15 belt-unfastened minute(s) this window,unclassified
EXC003,OP1008,2025-05-15 16:00:00,0.6397280062853908,15 belt-unfastened minute(s) this window,unclassified
EXC003,OP1008,2025-05-21 08:15:00,0.6433418957500394,15 belt-unfastened minute(s) this window,unclassified
EXC003,OP1008,2025-05-21 08:30:00,0.6452581912638791,15 belt-unfastened minute(s) this window,unclassified
EXC003,OP1012,2025-03-21 07:45:00,0.6428326060156475,idle ratio 100% vs your usual 15%,unclassified
EXC003,OP1013,2025-05-03 07:45:00,0.6073032659122699,5 belt-unfastened minute(s) this window,unclassified
EXC003,OP1015,2025-04-10 11:00:00,0.6123611785453299,high fuel per cycle vs your baseline,unclassified
EXC003,OP1015,2025-06-12 07:30:00,0.6159192514666657,idle ratio 100% vs your usual 33%,unclassified
EXC003,OP1016,2025-03-27 09:30:00,0.6212075124727028,8 belt-unfastened minute(s) this window; high fuel per cycle vs your baseline,unclassified
EXC003,OP1016,2025-03-27 11:30:00,0.6390612781448075,15 belt-unfastened minute(s) this window,unclassified
EXC003,OP1017,2025-05-04 07:30:00,0.6044186301421123,idle ratio 100% vs your usual 12%,unclassified
EXC003,OP1018,2025-04-05 08:00:00,0.6530621327869272,idle ratio 100% vs your usual 33%,unclassified
EXC003,OP1018,2025-04-05 11:45:00,0.6520407802025847,11 belt-unfastened minute(s) this window; high fuel per cycle vs your baseline,operator_habit
EXC003,OP1019,2025-06-08 15:15:00,0.6859769123396223,unusually low load-cycle throughput this window,unclassified
EXC003,OP1020,2025-06-07 09:00:00,0.6230935399065222,9 belt-unfastened minute(s) this window; high fuel per cycle vs your baseline,unclassified
EXC003,OP1021,2025-03-22 08:15:00,0.6306135348504188,idle ratio 100% vs your usual 34%,unclassified
EXC003,OP1021,2025-04-28 08:00:00,0.6376701349987841,idle ratio 100% vs your usual 34%,unclassified
EXC003,OP1021,2025-04-28 08:30:00,0.6757021348954079,idle ratio 87% vs your usual 34%; 13 belt-unfastened minute(s) this window,operator_habit
EXC003,OP1021,2025-04-28 08:45:00,0.6142878337445307,high fuel per cycle vs your baseline,unclassified
EXC003,OP1021,2025-04-28 12:15:00,0.660076703664319,idle ratio 87% vs your usual 34%; 13 belt-unfastened minute(s) this window,site_bottleneck
EXC003,OP1021,2025-04-30 07:45:00,0.6453510615090888,idle ratio 100% vs your usual 34%,unclassified
EXC003,OP1021,2025-04-30 10:15:00,0.6498538959430967,idle ratio 87% vs your usual 34%; 13 belt-unfastened minute(s) this window,operator_habit
EXC003,OP1021,2025-04-30 14:45:00,0.6525091675713659,12 belt-unfastened minute(s) this window; high fuel per cycle vs your baseline,unclassified
EXC003,OP1021,2025-05-06 10:15:00,0.6681141206572389,idle ratio 87% vs your usual 34%; 13 belt-unfastened minute(s) this window,unclassified
EXC003,OP1021,2025-05-06 13:30:00,0.6621456235764648,idle ratio 87% vs your usual 34%; 13 belt-unfastened minute(s) this window,site_bottleneck
EXC003,OP1021,2025-05-06 13:45:00,0.6653112344375234,11 belt-unfastened minute(s) this window; high fuel per cycle vs your baseline,unclassified
EXC003,OP1021,2025-05-23 07:45:00,0.6301703404856269,idle ratio 100% vs your usual 34%,unclassified
EXC003,OP1021,2025-05-23 10:15:00,0.6637243482810142,11 belt-unfastened minute(s) this window; high fuel per cycle vs your baseline,operator_habit
EXC003,OP1024,2025-03-18 10:45:00,0.652873289052867,7 belt-unfastened minute(s) this window; high fuel per cycle vs your baseline,unclassified
EXC003,OP1024,2025-03-18 13:45:00,0.6078896065562431,5 belt-unfastened minute(s) this window,unclassified
EXC003,OP1024,2025-04-07 13:30:00,0.6433166493819323,9 belt-unfastened minute(s) this window; high fuel per cycle vs your baseline,unclassified
EXC003,OP1027,2025-05-07 08:15:00,0.661588923152686,12 belt-unfastened minute(s) this window; high fuel per cycle vs your baseline,unclassified
EXC003,OP1029,2025-04-08 08:00:00,0.6220897097401809,idle ratio 100% vs your usual 31%,unclassified
EXC003,OP1029,2025-04-08 13:45:00,0.641054928125793,idle ratio 100% vs your usual 31%; 15 belt-unfastened minute(s) this window,unclassified
EXC003,OP1029,2025-04-08 14:00:00,0.6491887916988518,idle ratio 100% vs your usual 31%; 15 belt-unfastened minute(s) this window,unclassified
EXC003,OP1029,2025-04-08 14:15:00,0.6484115286566665,idle ratio 100% vs your usual 31%; 15 belt-unfastened minute(s) this window,unclassified
EXC003,OP1029,2025-04-08 17:30:00,0.6534124621706574,idle ratio 92% vs your usual 31%; 11 belt-unfastened minute(s) this window,unclassified
EXC003,OP1029,2025-04-16 10:45:00,0.6316086246830742,high fuel per cycle vs your baseline,unclassified
EXC003,OP1029,2025-04-16 15:00:00,0.6558441362192359,idle ratio 87% vs your usual 31%; 13 belt-unfastened minute(s) this window,unclassified
EXC003,OP1029,2025-04-20 10:15:00,0.6544358304690638,idle ratio 100% vs your usual 31%; 15 belt-unfastened minute(s) this window,unclassified
EXC003,OP1029,2025-04-20 10:45:00,0.6583558982413381,11 belt-unfastened minute(s) this window; high fuel per cycle vs your baseline,unclassified
EXC003,OP1029,2025-04-20 14:30:00,0.6387811028653984,idle ratio 100% vs your usual 31%; 15 belt-unfastened minute(s) this window,unclassified
EXC003,OP1029,2025-04-26 08:15:00,0.5991209106517227,idle ratio 100% vs your usual 31%,unclassified
EXC003,OP1029,2025-04-26 14:00:00,0.6746086058740686,idle ratio 87% vs your usual 31%; 13 belt-unfastened minute(s) this window,site_bottleneck
EXC003,OP1029,2025-04-26 16:30:00,0.6572036021994959,idle ratio 100% vs your usual 31%; 15 belt-unfastened minute(s) this window,unclassified
EXC003,OP1029,2025-04-26 16:45:00,0.6418202310227819,idle ratio 100% vs your usual 31%; 15 belt-unfastened minute(s) this window,unclassified
EXC003,OP1029,2025-04-26 17:00:00,0.6437450129806521,idle ratio 100% vs your usual 31%; 15 belt-unfastened minute(s) this window,unclassified
EXC003,OP1029,2025-04-26 17:15:00,0.6490919660790173,idle ratio 100% vs your usual 31%; 15 belt-unfastened minute(s) this window,unclassified
EXC003,OP1029,2025-04-26 17:30:00,0.6376421293165626,idle ratio 100% vs your usual 31%; 15 belt-unfastened minute(s) this window,unclassified
EXC003,OP1029,2025-04-27 08:00:00,0.6388336720249123,idle ratio 100% vs your usual 31%,unclassified
EXC003,OP1029,2025-04-27 13:45:00,0.6702019279674246,idle ratio 80% vs your usual 31%; 12 belt-unfastened minute(s) this window; high fuel per cycle vs your baseline,site_bottleneck
EXC003,OP1029,2025-04-27 14:15:00,0.6338132037770328,9 belt-unfastened minute(s) this window; high fuel per cycle vs your baseline,unclassified
EXC003,OP1029,2025-04-27 16:15:00,0.652073502902265,11 belt-unfastened minute(s) this window; high fuel per cycle vs your baseline,site_bottleneck
EXC003,OP1030,2025-04-18 09:15:00,0.6525148361939467,11 belt-unfastened minute(s) this window; high fuel per cycle vs your baseline,site_bottleneck
EXC003,OP1030,2025-04-18 11:15:00,0.6731934692320293,idle ratio 87% vs your usual 32%; 13 belt-unfastened minute(s) this window,unclassified
EXC003,OP1030,2025-04-18 11:45:00,0.6617051482011052,11 belt-unfastened minute(s) this window; high fuel per cycle vs your baseline,unclassified
EXC003,OP1030,2025-04-18 15:00:00,0.6040268334953673,idle ratio 100% vs your usual 32%,operator_habit
EXC003,OP1030,2025-05-27 07:45:00,0.6038252903957785,idle ratio 83% vs your usual 32%,unclassified
EXC003,OP1030,2025-05-27 15:15:00,0.647838983799541,idle ratio 100% vs your usual 32%; 15 belt-unfastened minute(s) this window,unclassified
EXC003,OP1033,2025-04-24 12:45:00,0.646794293376652,9 belt-unfastened minute(s) this window; high fuel per cycle vs your baseline,unclassified
EXC003,OP1033,2025-04-24 16:15:00,0.658321798637289,idle ratio 100% vs your usual 30%,unclassified
EXC003,OP1034,2025-03-31 11:30:00,0.6124874788819918,high fuel per cycle vs your baseline,unclassified
EXC003,OP1034,2025-05-18 07:45:00,0.6217125721709873,idle ratio 100% vs your usual 14%,unclassified
EXC003,OP1034,2025-06-03 08:00:00,0.6315461577775052,idle ratio 100% vs your usual 14%; 3 belt-unfastened minute(s) this window,unclassified
EXC003,OP1035,2025-05-29 09:30:00,0.6480015080919052,idle ratio 100% vs your usual 33%; 15 belt-unfastened minute(s) this window,unclassified
EXC003,OP1035,2025-05-29 09:45:00,0.6491635638271124,idle ratio 100% vs your usual 33%; 15 belt-unfastened minute(s) this window,unclassified
EXC003,OP1035,2025-05-29 10:00:00,0.6500425887963044,idle ratio 100% vs your usual 33%; 15 belt-unfastened minute(s) this window,unclassified
EXC003,OP1035,2025-05-29 10:15:00,0.6403333467778995,idle ratio 100% vs your usual 33%; 15 belt-unfastened minute(s) this window,unclassified
EXC003,OP1035,2025-05-29 10:30:00,0.641054928125793,idle ratio 100% vs your usual 33%; 15 belt-unfastened minute(s) this window,unclassified
EXC003,OP1035,2025-06-13 07:45:00,0.6406992189558008,idle ratio 100% vs your usual 33%,unclassified
EXC003,OP1035,2025-06-13 09:00:00,0.607009663892232,high fuel per cycle vs your baseline,unclassified
EXC003,OP1035,2025-06-13 14:00:00,0.641705851861861,idle ratio 100% vs your usual 33%; 15 belt-unfastened minute(s) this window,unclassified
EXC003,OP1035,2025-06-13 15:15:00,0.6096836179505764,unusually low load-cycle throughput this window,unclassified
EXC003,OP1036,2025-03-20 07:30:00,0.6228274841752341,idle ratio 100% vs your usual 14%,unclassified
EXC003,OP1036,2025-03-20 16:00:00,0.6331785667767016,idle ratio 50% vs your usual 14%; unusually low load-cycle throughput this window,unclassified
EXC003,OP1036,2025-04-22 13:00:00,0.6314267153615178,10 belt-unfastened minute(s) this window; high fuel per cycle vs your baseline,unclassified
EXC003,OP1036,2025-04-22 17:00:00,0.622786944134051,unusually low load-cycle throughput this window,unclassified
EXC003,OP1036,2025-06-11 07:45:00,0.6050069403615408,idle ratio 100% vs your usual 14%,unclassified
EXC003,OP1038,2025-05-28 07:45:00,0.6196449338121098,idle ratio 100% vs your usual 15%,unclassified
EXC004,OP1001,2025-03-18 09:45:00,0.601013619071781,10 belt-unfastened minute(s) this window,unclassified
EXC004,OP1001,2025-03-18 11:00:00,0.6506572685434309,idle ratio 87% vs your usual 33%; 13 belt-unfastened minute(s) this window,unclassified
EXC004,OP1001,2025-03-18 12:15:00,0.6112288506668518,mildly elevated vs baseline: 9 belt-unfastened minute(s) this window,unclassified
EXC004,OP1001,2025-05-09 08:45:00,0.6403812189083151,11 belt-unfastened minute(s) this window; high fuel per cycle vs your baseline,site_bottleneck
EXC004,OP1001,2025-05-09 09:45:00,0.6404938800169829,11 belt-unfastened minute(s) this window,site_bottleneck
EXC004,OP1001,2025-05-09 15:45:00,0.6799689866008795,unusually low load-cycle throughput this window,unclassified
EXC004,OP1001,2025-05-26 15:00:00,0.6720787998833652,idle ratio 93% vs your usual 33%; 14 belt-unfastened minute(s) this window,unclassified
EXC004,OP1001,2025-06-02 14:00:00,0.6372509459071659,idle ratio 100% vs your usual 33%; 15 belt-unfastened minute(s) this window,unclassified
EXC004,OP1001,2025-06-09 08:15:00,0.6613602686569388,idle ratio 100% vs your usual 33%,operator_habit
EXC004,OP1001,2025-06-09 10:30:00,0.6452704516613558,idle ratio 100% vs your usual 33%; 15 belt-unfastened minute(s) this window,unclassified
EXC004,OP1001,2025-06-09 12:30:00,0.6677098311614824,idle ratio 93% vs your usual 33%; 14 belt-unfastened minute(s) this window,unclassified
EXC004,OP1002,2025-04-26 08:15:00,0.6036322906426556,10 belt-unfastened minute(s) this window,site_bottleneck
EXC004,OP1002,2025-04-26 08:30:00,0.6502274380185893,15 belt-unfastened minute(s) this window,unclassified
EXC004,OP1002,2025-05-21 08:00:00,0.6404423176218355,mildly elevated vs baseline: 5 belt-unfastened minute(s) this window,unclassified
EXC004,OP1002,2025-05-21 14:45:00,0.6419521877130622,15 belt-unfastened minute(s) this window,unclassified
EXC004,OP1002,2025-05-21 15:00:00,0.6452704516613558,15 belt-unfastened minute(s) this window,unclassified
EXC004,OP1002,2025-05-21 15:15:00,0.6498595409303001,15 belt-unfastened minute(s) this window,unclassified
EXC004,OP1002,2025-05-21 15:30:00,0.6467967914895251,15 belt-unfastened minute(s) this window,unclassified
EXC004,OP1002,2025-05-21 15:45:00,0.644309125763276,13 belt-unfastened minute(s) this window,unclassified
EXC004,OP1005,2025-04-02 07:45:00,0.6109435303034583,idle ratio 100% vs your usual 15%,unclassified
EXC004,OP1006,2025-05-22 08:15:00,0.640416816664696,idle ratio 100% vs your usual 15%,unclassified
EXC004,OP1009,2025-04-16 18:00:00,0.6757442353780265,unusually low load-cycle throughput this window,unclassified
EXC004,OP1012,2025-03-23 07:45:00,0.6460063475159543,idle ratio 100% vs your usual 15%,unclassified
EXC004,OP1013,2025-04-09 07:15:00,0.6380775558003365,idle ratio 100% vs your usual 13%,unclassified
EXC004,OP1013,2025-04-22 08:00:00,0.5987173213912301,idle ratio 100% vs your usual 13%,unclassified
EXC004,OP1013,2025-05-13 14:45:00,0.612195713435299,7 belt-unfastened minute(s) this window; high fuel per cycle vs your baseline,unclassified
EXC004,OP1013,2025-06-01 10:30:00,0.600172852016922,5 belt-unfastened minute(s) this window; high fuel per cycle vs your baseline,site_bottleneck
EXC004,OP1017,2025-05-02 13:00:00,0.603655174257502,8 belt-unfastened minute(s) this window,unclassified
EXC004,OP1017,2025-05-08 07:45:00,0.6157546449355676,idle ratio 100% vs your usual 12%,unclassified
EXC004,OP1017,2025-05-08 15:45:00,0.6035285748330887,mildly elevated vs baseline: 0 belt-unfastened minute(s) this window,unclassified
EXC004,OP1017,2025-06-07 07:30:00,0.6136173790400845,idle ratio 100% vs your usual 12%,unclassified
EXC004,OP1018,2025-03-27 07:45:00,0.6038225299098287,idle ratio 100% vs your usual 33%,unclassified
EXC004,OP1018,2025-03-27 08:15:00,0.6376554864390584,idle ratio 100% vs your usual 33%; 15 belt-unfastened minute(s) this window,site_bottleneck
EXC004,OP1018,2025-03-27 13:00:00,0.6702645172953324,idle ratio 93% vs your usual 33%; 14 belt-unfastened minute(s) this window,operator_habit
EXC004,OP1018,2025-06-13 16:30:00,0.6785902132300184,unusually low load-cycle throughput this window,unclassified
EXC004,OP1020,2025-03-24 14:15:00,0.6409273760432925,11 belt-unfastened minute(s) this window; high fuel per cycle vs your baseline,unclassified
EXC004,OP1020,2025-03-28 09:30:00,0.6397367602614962,11 belt-unfastened minute(s) this window; high fuel per cycle vs your baseline,operator_habit
EXC004,OP1020,2025-04-08 17:00:00,0.6297592414326378,unusually low load-cycle throughput this window,unclassified
EXC004,OP1020,2025-04-30 07:30:00,0.6144375068874667,idle ratio 100% vs your usual 30%,unclassified
EXC004,OP1021,2025-04-15 10:15:00,0.6379848204498867,12 belt-unfastened minute(s) this window,operator_habit
EXC004,OP1021,2025-04-15 10:45:00,0.6282962977875317,11 belt-unfastened minute(s) this window,site_bottleneck
EXC004,OP1021,2025-04-15 11:45:00,0.6405493936362465,idle ratio 87% vs your usual 34%; 13 belt-unfastened minute(s) this window,unclassified
EXC004,OP1021,2025-05-17 10:45:00,0.6392810909593933,12 belt-unfastened minute(s) this window,site_bottleneck
EXC004,OP1021,2025-05-31 08:00:00,0.6633922250599731,idle ratio 100% vs your usual 34%,unclassified
EXC004,OP1021,2025-05-31 12:00:00,0.644428323495067,idle ratio 87% vs your usual 34%; 13 belt-unfastened minute(s) this window,operator_habit
EXC004,OP1021,2025-05-31 14:00:00,0.597537118400257,10 belt-unfastened minute(s) this window,unclassified
EXC004,OP1022,2025-05-11 20:00:00,0.6372147106368093,mildly elevated vs baseline: idle ratio 100% vs your usual 62%,unclassified
EXC004,OP1022,2025-05-12 20:30:00,0.6222076373214038,mildly elevated vs baseline: idle ratio 100% vs your usual 62%,site_bottleneck
EXC004,OP1022,2025-05-12 21:00:00,0.6397367602614962,11 belt-unfastened minute(s) this window; high fuel per cycle vs your baseline,site_bottleneck
EXC004,OP1022,2025-05-12 21:15:00,0.6377826931799676,15 belt-unfastened minute(s) this window,unclassified
EXC004,OP1022,2025-05-12 21:30:00,0.6321539199353514,11 belt-unfastened minute(s) this window,unclassified
EXC004,OP1022,2025-05-12 22:30:00,0.6359855074400119,12 belt-unfastened minute(s) this window,site_bottleneck
EXC004,OP1022,2025-05-12 22:45:00,0.6392323496748931,15 belt-unfastened minute(s) this window,unclassified
EXC004,OP1022,2025-05-12 23:00:00,0.6414470322056863,15 belt-unfastened minute(s) this window,unclassified
EXC004,OP1022,2025-05-12 23:15:00,0.6427596298905042,15 belt-unfastened minute(s) this window,unclassified
EXC004,OP1022,2025-05-12 23:30:00,0.6478274573478886,15 belt-unfastened minute(s) this window,unclassified
EXC004,OP1024,2025-04-04 09:15:00,0.6149188765864306,7 belt-unfastened minute(s) this window; high fuel per cycle vs your baseline,unclassified
EXC004,OP1024,2025-06-11 07:45:00,0.6432354041259468,idle ratio 100% vs your usual 12%,site_bottleneck
EXC004,OP1024,2025-06-11 08:45:00,0.6120140134279985,9 belt-unfastened minute(s) this window,unclassified
EXC004,OP1025,2025-05-03 09:00:00,0.6521354126399957,15 belt-unfastened minute(s) this window,site_bottleneck
EXC004,OP1025,2025-05-03 09:15:00,0.6391842068592912,12 belt-unfastened minute(s) this window,unclassified
EXC004,OP1025,2025-05-03 11:45:00,0.6405577103957826,15 belt-unfastened minute(s) this window,unclassified
EXC004,OP1025,2025-05-24 10:00:00,0.6303066868782211,12 belt-unfastened minute(s) this window,site_bottleneck
EXC004,OP1025,2025-05-24 10:15:00,0.6465796234408215,13 belt-unfastened minute(s) this window,unclassified
EXC004,OP1026,2025-04-03 20:30:00,0.6405577103957826,15 belt-unfastened minute(s) this window,unclassified
EXC004,OP1026,2025-04-03 20:45:00,0.6427596298905042,15 belt-unfastened minute(s) this window,unclassified
EXC004,OP1026,2025-04-03 21:00:00,0.6500794211562472,15 belt-unfastened minute(s) this window,unclassified
EXC004,OP1026,2025-04-03 21:30:00,0.6562810369406805,12 belt-unfastened minute(s) this window,unclassified
EXC004,OP1026,2025-04-03 21:45:00,0.5977814611720782,10 belt-unfastened minute(s) this window,unclassified
EXC004,OP1026,2025-04-03 22:15:00,0.6438716828620302,15 belt-unfastened minute(s) this window,unclassified
EXC004,OP1026,2025-04-03 22:30:00,0.645185608503417,15 belt-unfastened minute(s) this window,unclassified
EXC004,OP1026,2025-04-03 22:45:00,0.6370718920935251,15 belt-unfastened minute(s) this window,unclassified
EXC004,OP1026,2025-06-11 02:00:00,0.6454887791671814,15 belt-unfastened minute(s) this window,unclassified
EXC004,OP1026,2025-06-11 02:15:00,0.6458615563570784,15 belt-unfastened minute(s) this window,unclassified
EXC004,OP1026,2025-06-11 02:30:00,0.6377315104337478,15 belt-unfastened minute(s) this window,unclassified
EXC004,OP1027,2025-04-13 12:30:00,0.6380481381722232,12 belt-unfastened minute(s) this window,unclassified
EXC004,OP1027,2025-04-13 16:15:00,0.6473667758698689,idle ratio 87% vs your usual 33%; 13 belt-unfastened minute(s) this window,unclassified
EXC004,OP1027,2025-04-13 16:45:00,0.6727612250924361,idle ratio 93% vs your usual 33%; 14 belt-unfastened minute(s) this window,unclassified
EXC004,OP1030,2025-03-20 11:15:00,0.6353006726782565,11 belt-unfastened minute(s) this window; high fuel per cycle vs your baseline,operator_habit
EXC004,OP1030,2025-03-20 16:30:00,0.6363213954876701,idle ratio 100% vs your usual 32%; 11 belt-unfastened minute(s) this window,unclassified
EXC004,OP1030,2025-03-22 07:30:00,0.6587343022563937,idle ratio 100% vs your usual 32%,unclassified
EXC004,OP1030,2025-03-22 10:15:00,0.6357801011773928,idle ratio 100% vs your usual 32%; 15 belt-unfastened minute(s) this window,unclassified
EXC004,OP1030,2025-03-22 11:30:00,0.637769031052613,idle ratio 80% vs your usual 32%; 12 belt-unfastened minute(s) this window,operator_habit
EXC004,OP1030,2025-03-22 15:45:00,0.6005867472763281,mildly elevated vs baseline: 9 belt-unfastened minute(s) this window,unclassified
EXC004,OP1030,2025-03-22 16:15:00,0.6028921734222292,idle ratio 100% vs your usual 32%,unclassified
EXC004,OP1030,2025-03-25 08:15:00,0.6126700722849561,idle ratio 83% vs your usual 32%,unclassified
EXC004,OP1030,2025-03-25 16:00:00,0.6480482555299507,idle ratio 87% vs your usual 32%; 13 belt-unfastened minute(s) this window,operator_habit
EXC004,OP1030,2025-05-10 11:15:00,0.6474368125488557,idle ratio 100% vs your usual 32%; 15 belt-unfastened minute(s) this window,unclassified
EXC004,OP1030,2025-05-10 13:15:00,0.6332026975502147,idle ratio 80% vs your usual 32%; 12 belt-unfastened minute(s) this window,operator_habit
EXC004,OP1030,2025-05-18 08:15:00,0.6412203589254192,idle ratio 100% vs your usual 32%,unclassified
EXC004,OP1030,2025-05-18 09:00:00,0.668811568238586,idle ratio 93% vs your usual 32%; 14 belt-unfastened minute(s) this window,unclassified
EXC004,OP1030,2025-05-18 11:00:00,0.6695040495457012,idle ratio 93% vs your usual 32%; 14 belt-unfastened minute(s) this window,operator_habit
EXC004,OP1030,2025-05-18 11:15:00,0.6375158067150262,idle ratio 100% vs your usual 32%; 15 belt-unfastened minute(s) this window,unclassified
EXC004,OP1030,2025-05-18 11:30:00,0.644127545507426,idle ratio 100% vs your usual 32%; 15 belt-unfastened minute(s) this window,unclassified
EXC004,OP1030,2025-05-18 11:45:00,0.6471629547006755,idle ratio 100% vs your usual 32%; 15 belt-unfastened minute(s) this window,unclassified
EXC004,OP1033,2025-04-05 07:45:00,0.6064419193306982,idle ratio 100% vs your usual 30%,unclassified
EXC004,OP1033,2025-04-05 12:45:00,0.6019363728335482,9 belt-unfastened minute(s) this window,unclassified
EXC004,OP1033,2025-04-05 13:15:00,0.6310908165228678,idle ratio 73% vs your usual 30%; 11 belt-unfastened minute(s) this window,unclassified
EXC004,OP1033,2025-05-27 07:30:00,0.6007529388544189,idle ratio 100% vs your usual 30%,unclassified
EXC004,OP1033,2025-06-05 07:45:00,0.628681302677185,idle ratio 100% vs your usual 30%,unclassified
EXC004,OP1034,2025-06-06 08:00:00,0.5975937676066125,idle ratio 100% vs your usual 14%,unclassified
EXC004,OP1035,2025-04-14 09:30:00,0.6431186198139419,idle ratio 100% vs your usual 33%; 15 belt-unfastened minute(s) this window,site_bottleneck
EXC004,OP1035,2025-04-14 09:45:00,0.6526780008910994,idle ratio 100% vs your usual 33%; 15 belt-unfastened minute(s) this window,unclassified
EXC004,OP1035,2025-04-14 15:15:00,0.6313500961539312,11 belt-unfastened minute(s) this window,unclassified
EXC004,OP1035,2025-04-14 15:45:00,0.669103155448926,idle ratio 93% vs your usual 33%; 14 belt-unfastened minute(s) this window,unclassified
EXC004,OP1035,2025-04-14 16:15:00,0.6365055600394691,idle ratio 100% vs your usual 33%,unclassified
EXC004,OP1035,2025-04-29 16:30:00,0.6461913279523943,11 belt-unfastened minute(s) this window; high fuel per cycle vs your baseline,unclassified
EXC004,OP1035,2025-05-16 10:30:00,0.644033281111831,idle ratio 100% vs your usual 33%; 15 belt-unfastened minute(s) this window,operator_habit
EXC004,OP1035,2025-05-16 14:15:00,0.6443517516933223,11 belt-unfastened minute(s) this window; high fuel per cycle vs your baseline,operator_habit
EXC004,OP1035,2025-05-16 14:30:00,0.6568630377987755,idle ratio 80% vs your usual 33%; 12 belt-unfastened minute(s) this window,unclassified
EXC004,OP1035,2025-05-20 07:30:00,0.6106693259847398,idle ratio 100% vs your usual 33%,unclassified
EXC004,OP1035,2025-05-20 12:30:00,0.5971688241708929,10 belt-unfastened minute(s) this window,unclassified
EXC004,OP1035,2025-05-25 13:30:00,0.641133532255787,idle ratio 80% vs your usual 33%; 12 belt-unfastened minute(s) this window,unclassified
EXC004,OP1035,2025-05-28 09:00:00,0.6183544684322199,10 belt-unfastened minute(s) this window,unclassified
EXC004,OP1035,2025-05-28 09:45:00,0.6375480429490478,idle ratio 100% vs your usual 33%; 15 belt-unfastened minute(s) this window,unclassified
EXC004,OP1035,2025-05-28 12:45:00,0.635627977698608,11 belt-unfastened minute(s) this window; high fuel per cycle vs your baseline,unclassified
EXC004,OP1035,2025-06-04 08:00:00,0.6369243973474235,11 belt-unfastened minute(s) this window; high fuel per cycle vs your baseline,operator_habit
EXC004,OP1035,2025-06-04 11:30:00,0.63427335936521,idle ratio 80% vs your usual 33%; 12 belt-unfastened minute(s) this window,unclassified
EXC004,OP1035,2025-06-04 12:15:00,0.6695040495457012,idle ratio 93% vs your usual 33%; 14 belt-unfastened minute(s) this window,unclassified
EXC004,OP1035,2025-06-04 12:30:00,0.6361465551497558,idle ratio 100% vs your usual 33%; 15 belt-unfastened minute(s) this window,unclassified
EXC004,OP1035,2025-06-04 12:45:00,0.6510056064196784,idle ratio 100% vs your usual 33%; 15 belt-unfastened minute(s) this window,unclassified
EXC004,OP1035,2025-06-04 13:00:00,0.643436195431774,idle ratio 100% vs your usual 33%; 15 belt-unfastened minute(s) this window,unclassified
EXC004,OP1035,2025-06-04 13:15:00,0.6443131514222771,idle ratio 100% vs your usual 33%; 15 belt-unfastened minute(s) this window,unclassified
EXC004,OP1035,2025-06-04 17:00:00,0.6320965581723765,11 belt-unfastened minute(s) this window; high fuel per cycle vs your baseline,site_bottleneck
EXC004,OP1036,2025-04-12 16:45:00,0.6051657138376608,unusually low load-cycle throughput this window,unclassified
EXC004,OP1039,2025-03-26 08:00:00,0.6460063475159543,idle ratio 100% vs your usual 31%,unclassified
EXC004,OP1039,2025-03-31 15:00:00,0.6410841030494524,idle ratio 100% vs your usual 31%; 15 belt-unfastened minute(s) this window,unclassified
EXC004,OP1039,2025-03-31 15:15:00,0.6475881925246079,idle ratio 100% vs your usual 31%; 15 belt-unfastened minute(s) this window,unclassified
EXC004,OP1039,2025-03-31 15:30:00,0.6379922893546527,idle ratio 100% vs your usual 31%; 15 belt-unfastened minute(s) this window,unclassified
EXC004,OP1039,2025-03-31 15:45:00,0.6380690720128849,idle ratio 100% vs your usual 31%; 15 belt-unfastened minute(s) this window,unclassified
EXC004,OP1039,2025-03-31 17:00:00,0.6316857073795136,unusually low load-cycle throughput this window,unclassified
EXC004,OP1040,2025-05-23 08:00:00,0.6010545828678738,idle ratio 100% vs your usual 14%,unclassified
EXC005,OP1001,2025-05-01 08:00:00,0.6007717708752299,idle ratio 100% vs your usual 33%,unclassified
EXC005,OP1001,2025-05-01 11:45:00,0.6535009891411462,11 belt-unfastened minute(s) this window; high fuel per cycle vs your baseline,unclassified
EXC005,OP1001,2025-05-01 14:15:00,0.6352426521937228,idle ratio 100% vs your usual 33%; 15 belt-unfastened minute(s) this window,unclassified
EXC005,OP1001,2025-05-01 14:30:00,0.6407417231405653,idle ratio 100% vs your usual 33%; 15 belt-unfastened minute(s) this window,unclassified
EXC005,OP1001,2025-05-01 14:45:00,0.6425032188705032,idle ratio 100% vs your usual 33%; 15 belt-unfastened minute(s) this window,unclassified
EXC005,OP1001,2025-05-01 15:00:00,0.6672718916396975,idle ratio 87% vs your usual 33%; 13 belt-unfastened minute(s) this window,unclassified
EXC005,OP1001,2025-06-02 11:30:00,0.6391487715951248,idle ratio 100% vs your usual 33%; 15 belt-unfastened minute(s) this window,unclassified
EXC005,OP1001,2025-06-02 15:45:00,0.6621865406285473,idle ratio 87% vs your usual 33%; 13 belt-unfastened minute(s) this window,unclassified
EXC005,OP1002,2025-03-24 08:00:00,0.637013842027103,mildly elevated vs baseline: idle ratio 100% vs your usual 61%,unclassified
EXC005,OP1002,2025-03-24 09:30:00,0.6757616484787288,14 belt-unfastened minute(s) this window,operator_habit
EXC005,OP1002,2025-03-24 11:30:00,0.6044255098366098,high fuel per cycle vs your baseline,site_bottleneck
EXC005,OP1002,2025-03-24 12:30:00,0.6385650441367909,15 belt-unfastened minute(s) this window,site_bottleneck
EXC005,OP1002,2025-03-24 15:00:00,0.6383800121770814,15 belt-unfastened minute(s) this window,unclassified
EXC005,OP1002,2025-03-24 15:15:00,0.6764326272866864,12 belt-unfastened minute(s) this window,unclassified
EXC005,OP1002,2025-05-07 12:15:00,0.6516154084598046,11 belt-unfastened minute(s) this window; high fuel per cycle vs your baseline,unclassified
EXC005,OP1002,2025-05-07 12:30:00,0.6388181086104215,15 belt-unfastened minute(s) this window,unclassified
EXC005,OP1003,2025-04-22 00:15:00,0.667706611501769,idle ratio 80% vs your usual 28%; 12 belt-unfastened minute(s) this window; high fuel per cycle vs your baseline,site_bottleneck
EXC005,OP1003,2025-05-03 02:45:00,0.6211191404142967,8 belt-unfastened minute(s) this window; high fuel per cycle vs your baseline,unclassified
EXC005,OP1003,2025-05-18 19:30:00,0.6103238107791343,idle ratio 100% vs your usual 28%,site_bottleneck
EXC005,OP1003,2025-05-30 03:15:00,0.6203962073785871,unusually low load-cycle throughput this window,unclassified
EXC005,OP1004,2025-04-06 07:30:00,0.6379204424619658,idle ratio 100% vs your usual 14%,unclassified
EXC005,OP1005,2025-05-13 08:00:00,0.5982648684904293,idle ratio 100% vs your usual 15%,unclassified
EXC005,OP1005,2025-06-11 07:15:00,0.600613413629889,idle ratio 100% vs your usual 15%,unclassified
EXC005,OP1007,2025-05-24 10:00:00,0.6249506194538452,8 belt-unfastened minute(s) this window; high fuel per cycle vs your baseline,unclassified
EXC005,OP1007,2025-05-24 11:15:00,0.635286748245321,15 belt-unfastened minute(s) this window,unclassified
EXC005,OP1007,2025-05-24 11:30:00,0.6464993405975313,15 belt-unfastened minute(s) this window,unclassified
EXC005,OP1007,2025-05-24 11:45:00,0.6511498216433087,15 belt-unfastened minute(s) this window,unclassified
EXC005,OP1007,2025-05-24 12:30:00,0.5972223946844576,high fuel per cycle vs your baseline,unclassified
EXC005,OP1007,2025-05-24 14:30:00,0.6787876866550663,14 belt-unfastened minute(s) this window,unclassified
EXC005,OP1007,2025-05-24 14:45:00,0.6373391270642514,15 belt-unfastened minute(s) this window,unclassified
EXC005,OP1007,2025-05-24 15:00:00,0.6655706179223908,12 belt-unfastened minute(s) this window; high fuel per cycle vs your baseline,unclassified
EXC005,OP1007,2025-05-24 15:45:00,0.6398935206334418,15 belt-unfastened minute(s) this window,unclassified
EXC005,OP1009,2025-04-23 16:00:00,0.6109758119467498,idle ratio 100% vs your usual 14%,unclassified
EXC005,OP1010,2025-06-08 08:00:00,0.6196449338121098,idle ratio 100% vs your usual 14%,unclassified
EXC005,OP1011,2025-03-28 15:00:00,0.7003829972288763,unusually low load-cycle throughput this window,unclassified
EXC005,OP1011,2025-04-29 07:45:00,0.6029637012972606,idle ratio 100% vs your usual 14%,unclassified
EXC005,OP1012,2025-04-17 16:30:00,0.6714071254371748,unusually low load-cycle throughput this window,unclassified
EXC005,OP1013,2025-04-12 08:00:00,0.6411593207525885,idle ratio 100% vs your usual 13%; 4 belt-unfastened minute(s) this window,unclassified
EXC005,OP1013,2025-04-18 07:45:00,0.6347454240475026,idle ratio 100% vs your usual 13%; 5 belt-unfastened minute(s) this window,unclassified
EXC005,OP1013,2025-04-18 16:30:00,0.6345184749651384,unusually low load-cycle throughput this window,unclassified
EXC005,OP1013,2025-05-09 08:00:00,0.6195983912898864,idle ratio 100% vs your usual 13%,unclassified
EXC005,OP1013,2025-05-09 11:30:00,0.6160204586066488,5 belt-unfastened minute(s) this window; high fuel per cycle vs your baseline,site_bottleneck
EXC005,OP1015,2025-03-19 08:00:00,0.618354646241814,idle ratio 100% vs your usual 33%,unclassified
EXC005,OP1015,2025-03-19 11:00:00,0.6513607028556667,idle ratio 80% vs your usual 33%; 12 belt-unfastened minute(s) this window; high fuel per cycle vs your baseline,operator_habit
EXC005,OP1015,2025-03-20 15:30:00,0.6330578496778392,idle ratio 100% vs your usual 33%; 5 belt-unfastened minute(s) this window,unclassified
EXC005,OP1016,2025-04-16 09:30:00,0.6490683288541591,12 belt-unfastened minute(s) this window; high fuel per cycle vs your baseline,site_bottleneck
EXC005,OP1016,2025-04-16 09:45:00,0.638556318327371,15 belt-unfastened minute(s) this window,unclassified
EXC005,OP1016,2025-04-16 15:15:00,0.63766793472502,15 belt-unfastened minute(s) this window,unclassified
EXC005,OP1016,2025-04-16 15:30:00,0.6334950812274229,15 belt-unfastened minute(s) this window,unclassified
EXC005,OP1016,2025-04-16 15:45:00,0.6521661664362202,13 belt-unfastened minute(s) this window,unclassified
EXC005,OP1016,2025-04-26 13:30:00,0.6187218774885335,9 belt-unfastened minute(s) this window; high fuel per cycle vs your baseline,unclassified
EXC005,OP1016,2025-05-19 09:45:00,0.6240796247373196,7 belt-unfastened minute(s) this window; high fuel per cycle vs your baseline,unclassified
EXC005,OP1016,2025-05-19 13:00:00,0.6413462438007542,15 belt-unfastened minute(s) this window,unclassified
EXC005,OP1017,2025-05-23 14:15:00,0.6488448511021494,8 belt-unfastened minute(s) this window; high fuel per cycle vs your baseline,unclassified
EXC005,OP1017,2025-06-05 08:00:00,0.6308179986190761,idle ratio 100% vs your usual 12%,unclassified
EXC005,OP1018,2025-03-22 08:00:00,0.6491278203333175,idle ratio 87% vs your usual 33%; 13 belt-unfastened minute(s) this window,operator_habit
EXC005,OP1018,2025-03-22 08:15:00,0.640614202885796,idle ratio 100% vs your usual 33%; 15 belt-unfastened minute(s) this window,unclassified
EXC005,OP1018,2025-03-22 08:30:00,0.6489035878833265,idle ratio 100% vs your usual 33%; 15 belt-unfastened minute(s) this window,unclassified
EXC005,OP1018,2025-03-22 08:45:00,0.6648801624408313,idle ratio 87% vs your usual 33%; 13 belt-unfastened minute(s) this window,unclassified
EXC005,OP1018,2025-03-22 13:30:00,0.6563844992515444,idle ratio 80% vs your usual 33%; 12 belt-unfastened minute(s) this window; high fuel per cycle vs your baseline,unclassified
EXC005,OP1018,2025-03-22 14:15:00,0.6389584461411427,idle ratio 100% vs your usual 33%; 15 belt-unfastened minute(s) this window,unclassified
EXC005,OP1018,2025-03-22 14:30:00,0.6705167672148656,idle ratio 80% vs your usual 33%; 12 belt-unfastened minute(s) this window; high fuel per cycle vs your baseline,unclassified
EXC005,OP1018,2025-03-22 16:15:00,0.6019082059531375,high fuel per cycle vs your baseline,unclassified
EXC005,OP1018,2025-05-14 10:15:00,0.6037868426866295,10 belt-unfastened minute(s) this window,operator_habit
EXC005,OP1018,2025-05-14 11:15:00,0.6413923288499711,idle ratio 100% vs your usual 33%; 15 belt-unfastened minute(s) this window,unclassified
EXC005,OP1018,2025-05-14 11:45:00,0.6210134782534313,high fuel per cycle vs your baseline,unclassified
EXC005,OP1019,2025-04-25 07:45:00,0.6453510615090888,idle ratio 100% vs your usual 15%,site_bottleneck
EXC005,OP1020,2025-03-18 07:15:00,0.6192559848579344,idle ratio 100% vs your usual 30%,unclassified
EXC005,OP1021,2025-05-16 08:00:00,0.6339742606985891,idle ratio 100% vs your usual 34%,unclassified
EXC005,OP1021,2025-05-16 10:45:00,0.6539058399989407,12 belt-unfastened minute(s) this window; high fuel per cycle vs your baseline,operator_habit
EXC005,OP1021,2025-05-16 12:45:00,0.6414816512629598,idle ratio 100% vs your usual 34%; 15 belt-unfastened minute(s) this window,unclassified
EXC005,OP1021,2025-05-16 13:00:00,0.6425032188705032,idle ratio 100% vs your usual 34%; 15 belt-unfastened minute(s) this window,unclassified
EXC005,OP1021,2025-05-16 13:15:00,0.6411494395614046,idle ratio 100% vs your usual 34%; 15 belt-unfastened minute(s) this window,unclassified
EXC005,OP1021,2025-05-16 13:30:00,0.6515749787124636,idle ratio 100% vs your usual 34%; 15 belt-unfastened minute(s) this window,unclassified
EXC005,OP1021,2025-05-16 15:15:00,0.6230974189498589,high fuel per cycle vs your baseline,unclassified
EXC005,OP1021,2025-05-16 17:00:00,0.6643437992604424,idle ratio 87% vs your usual 34%; 13 belt-unfastened minute(s) this window,operator_habit
EXC005,OP1021,2025-05-16 18:00:00,0.6196440098867805,idle ratio 100% vs your usual 34%,unclassified
EXC005,OP1021,2025-06-07 09:00:00,0.6493939756596286,11 belt-unfastened minute(s) this window; high fuel per cycle vs your baseline,site_bottleneck
EXC005,OP1021,2025-06-07 09:30:00,0.6499774448583626,idle ratio 100% vs your usual 34%; 15 belt-unfastened minute(s) this window,site_bottleneck
EXC005,OP1021,2025-06-07 09:45:00,0.6405250012597107,idle ratio 100% vs your usual 34%; 15 belt-unfastened minute(s) this window,unclassified
EXC005,OP1021,2025-06-07 10:00:00,0.640116763024609,idle ratio 100% vs your usual 34%; 15 belt-unfastened minute(s) this window,unclassified
EXC005,OP1021,2025-06-07 10:15:00,0.6409325797762019,idle ratio 100% vs your usual 34%; 15 belt-unfastened minute(s) this window,unclassified
EXC005,OP1021,2025-06-07 10:30:00,0.6349575419175256,idle ratio 100% vs your usual 34%; 15 belt-unfastened minute(s) this window,unclassified
EXC005,OP1021,2025-06-07 10:45:00,0.662900136990601,12 belt-unfastened minute(s) this window; high fuel per cycle vs your baseline,unclassified
EXC005,OP1021,2025-06-07 16:30:00,0.6496127347931131,idle ratio 87% vs your usual 34%; 13 belt-unfastened minute(s) this window,unclassified
EXC005,OP1022,2025-03-27 20:00:00,0.6115638790876636,mildly elevated vs baseline: idle ratio 100% vs your usual 62%,unclassified
EXC005,OP1022,2025-03-28 04:15:00,0.6382895877150224,15 belt-unfastened minute(s) this window,site_bottleneck
EXC005,OP1022,2025-04-03 23:45:00,0.6712121124195255,14 belt-unfastened minute(s) this window,unclassified
EXC005,OP1023,2025-06-03 08:30:00,0.6228866650068682,8 belt-unfastened minute(s) this window,unclassified
EXC005,OP1023,2025-06-03 12:30:00,0.6011747296160413,idle ratio 73% vs your usual 28%; high fuel per cycle vs your baseline,unclassified
EXC005,OP1025,2025-03-26 08:00:00,0.5983270887385329,10 belt-unfastened minute(s) this window,operator_habit
EXC005,OP1025,2025-03-26 08:15:00,0.6407417231405653,15 belt-unfastened minute(s) this window,unclassified
EXC005,OP1025,2025-03-26 12:45:00,0.636724555389134,15 belt-unfastened minute(s) this window,unclassified
EXC005,OP1025,2025-03-26 13:00:00,0.6349702257172725,15 belt-unfastened minute(s) this window,unclassified
EXC005,OP1025,2025-03-26 13:15:00,0.6486309189471032,15 belt-unfastened minute(s) this window,unclassified
EXC005,OP1025,2025-05-30 11:30:00,0.6362939019720201,15 belt-unfastened minute(s) this window,unclassified
EXC005,OP1025,2025-05-30 11:45:00,0.6405250012597107,15 belt-unfastened minute(s) this window,unclassified
EXC005,OP1025,2025-05-30 12:00:00,0.6385004416709035,15 belt-unfastened minute(s) this window,unclassified
EXC005,OP1025,2025-05-30 12:15:00,0.6411494395614046,15 belt-unfastened minute(s) this window,unclassified
EXC005,OP1025,2025-05-30 16:45:00,0.632424451692739,15 belt-unfastened minute(s) this window,unclassified
EXC005,OP1025,2025-05-30 17:00:00,0.6687618118638363,13 belt-unfastened minute(s) this window,unclassified
EXC005,OP1026,2025-04-02 02:45:00,0.6407910546001346,15 belt-unfastened minute(s) this window,unclassified
EXC005,OP1026,2025-04-02 03:00:00,0.6382895877150224,15 belt-unfastened minute(s) this window,unclassified
EXC005,OP1026,2025-04-02 03:45:00,0.6171706887051733,mildly elevated vs baseline: idle ratio 100% vs your usual 62%,operator_habit
EXC005,OP1026,2025-05-17 20:45:00,0.6595459619061677,12 belt-unfastened minute(s) this window; high fuel per cycle vs your baseline,unclassified
EXC005,OP1026,2025-05-18 03:15:00,0.6448217660582912,15 belt-unfastened minute(s) this window,unclassified
EXC005,OP1027,2025-04-30 11:30:00,0.6594666152696678,11 belt-unfastened minute(s) this window; high fuel per cycle vs your baseline,unclassified
EXC005,OP1027,2025-04-30 14:15:00,0.6536954090564416,11 belt-unfastened minute(s) this window; high fuel per cycle vs your baseline,unclassified
EXC005,OP1027,2025-04-30 15:00:00,0.636724555389134,idle ratio 100% vs your usual 33%; 15 belt-unfastened minute(s) this window,unclassified
EXC005,OP1027,2025-04-30 15:15:00,0.6409835378241368,idle ratio 100% vs your usual 33%; 15 belt-unfastened minute(s) this window,unclassified
EXC005,OP1027,2025-04-30 15:30:00,0.636432627138994,idle ratio 100% vs your usual 33%; 15 belt-unfastened minute(s) this window,unclassified
EXC005,OP1027,2025-04-30 15:45:00,0.6411494395614046,idle ratio 100% vs your usual 33%; 15 belt-unfastened minute(s) this window,unclassified
EXC005,OP1027,2025-04-30 16:00:00,0.6588769417930006,12 belt-unfastened minute(s) this window; high fuel per cycle vs your baseline,unclassified
EXC005,OP1027,2025-04-30 16:45:00,0.6116193551110729,idle ratio 100% vs your usual 33%,unclassified
EXC005,OP1027,2025-05-03 12:30:00,0.6149248167326806,high fuel per cycle vs your baseline,unclassified
EXC005,OP1027,2025-05-03 15:30:00,0.609013587152421,unusually low load-cycle throughput this window,unclassified
EXC005,OP1027,2025-05-26 10:15:00,0.6480186225870043,idle ratio 87% vs your usual 33%; 13 belt-unfastened minute(s) this window,site_bottleneck
EXC005,OP1027,2025-05-26 13:15:00,0.6053747104948798,high fuel per cycle vs your baseline,unclassified
EXC005,OP1029,2025-04-05 07:45:00,0.6451327805843251,idle ratio 100% vs your usual 31%,unclassified
EXC005,OP1029,2025-04-05 10:00:00,0.6533656098964579,11 belt-unfastened minute(s) this window; high fuel per cycle vs your baseline,unclassified
EXC005,OP1029,2025-04-05 10:30:00,0.6519118644663547,idle ratio 80% vs your usual 31%; 12 belt-unfastened minute(s) this window; high fuel per cycle vs your baseline,unclassified
EXC005,OP1029,2025-04-05 15:15:00,0.6074997226733879,high fuel per cycle vs your baseline,unclassified
EXC005,OP1029,2025-04-07 10:30:00,0.654146221436521,idle ratio 87% vs your usual 31%; 13 belt-unfastened minute(s) this window,operator_habit
EXC005,OP1029,2025-04-07 10:45:00,0.635931815002473,idle ratio 100% vs your usual 31%; 15 belt-unfastened minute(s) this window,unclassified
EXC005,OP1029,2025-04-07 11:00:00,0.6427206100820484,idle ratio 100% vs your usual 31%; 15 belt-unfastened minute(s) this window,unclassified
EXC005,OP1029,2025-05-15 10:45:00,0.657010151566648,idle ratio 80% vs your usual 31%; 12 belt-unfastened minute(s) this window; high fuel per cycle vs your baseline,operator_habit
EXC005,OP1029,2025-05-15 13:15:00,0.6228553422916849,high fuel per cycle vs your baseline,unclassified
EXC005,OP1030,2025-06-09 09:45:00,0.6139875513961142,high fuel per cycle vs your baseline,unclassified
EXC005,OP1031,2025-03-25 07:45:00,0.6333608998922267,idle ratio 100% vs your usual 13%,unclassified
EXC005,OP1031,2025-03-25 15:15:00,0.6844622029143845,unusually low load-cycle throughput this window,unclassified
EXC005,OP1032,2025-06-01 20:15:00,0.6024286692540709,idle ratio 100% vs your usual 15%,site_bottleneck
EXC005,OP1033,2025-04-09 07:45:00,0.6434598822745559,idle ratio 100% vs your usual 30%,unclassified
EXC005,OP1035,2025-05-08 09:00:00,0.6069950474880061,high fuel per cycle vs your baseline,unclassified
EXC005,OP1035,2025-05-08 11:45:00,0.6545176096196952,11 belt-unfastened minute(s) this window; high fuel per cycle vs your baseline,site_bottleneck
EXC005,OP1035,2025-05-08 12:15:00,0.6309069833400116,10 belt-unfastened minute(s) this window,unclassified
EXC005,OP1035,2025-05-08 13:15:00,0.6628812619094447,11 belt-unfastened minute(s) this window; high fuel per cycle vs your baseline,unclassified
EXC005,OP1035,2025-05-08 16:15:00,0.6625815069964013,idle ratio 100% vs your usual 33%,unclassified
EXC005,OP1035,2025-06-10 16:15:00,0.6482231508145474,idle ratio 80% vs your usual 33%; 12 belt-unfastened minute(s) this window; high fuel per cycle vs your baseline,site_bottleneck
EXC005,OP1036,2025-06-13 08:00:00,0.6221887457930623,idle ratio 100% vs your usual 14%,unclassified
EXC005,OP1036,2025-06-13 15:15:00,0.6644723417235561,unusually low load-cycle throughput this window,unclassified
EXC005,OP1038,2025-03-21 15:30:00,0.6872366457329404,unusually low load-cycle throughput this window,unclassified
EXC005,OP1039,2025-03-23 07:45:00,0.6303869657948535,idle ratio 100% vs your usual 31%,unclassified
EXC005,OP1039,2025-03-23 15:00:00,0.6530642169792213,11 belt-unfastened minute(s) this window; high fuel per cycle vs your baseline,site_bottleneck
EXC005,OP1039,2025-04-11 09:45:00,0.6530373883610242,idle ratio 87% vs your usual 31%; 13 belt-unfastened minute(s) this window,unclassified
EXC005,OP1040,2025-04-08 07:15:00,0.6196449338121098,idle ratio 100% vs your usual 14%,unclassified
EXC006,OP1001,2025-05-01 08:00:00,0.6254696312190176,idle ratio 100% vs your usual 33%,site_bottleneck
EXC006,OP1001,2025-05-01 09:45:00,0.6238863851050231,10 belt-unfastened minute(s) this window,operator_habit
EXC006,OP1001,2025-05-01 14:00:00,0.657088290096823,idle ratio 100% vs your usual 33%; 15 belt-unfastened minute(s) this window,unclassified
EXC006,OP1001,2025-05-01 15:15:00,0.629003309816368,idle ratio 80% vs your usual 33%; 12 belt-unfastened minute(s) this window,site_bottleneck
EXC006,OP1001,2025-05-01 15:30:00,0.6517288258511761,idle ratio 100% vs your usual 33%; 15 belt-unfastened minute(s) this window,unclassified
EXC006,OP1001,2025-05-01 15:45:00,0.649639817454973,idle ratio 100% vs your usual 33%; 15 belt-unfastened minute(s) this window,unclassified
EXC006,OP1001,2025-05-01 16:00:00,0.6557888210666565,idle ratio 100% vs your usual 33%; 15 belt-unfastened minute(s) this window,unclassified
EXC006,OP1001,2025-05-01 17:00:00,0.6497309805505265,idle ratio 100% vs your usual 33%; 15 belt-unfastened minute(s) this window,unclassified
EXC006,OP1001,2025-05-01 17:15:00,0.6107629422498897,11 belt-unfastened minute(s) this window,unclassified
EXC006,OP1001,2025-05-01 17:45:00,0.6397481081704189,idle ratio 100% vs your usual 33%,unclassified
EXC006,OP1001,2025-05-22 12:00:00,0.624274249150681,11 belt-unfastened minute(s) this window,unclassified
EXC006,OP1001,2025-05-22 14:00:00,0.6499432536431028,idle ratio 100% vs your usual 33%; 15 belt-unfastened minute(s) this window,unclassified
EXC006,OP1001,2025-06-08 11:00:00,0.6113309231152192,10 belt-unfastened minute(s) this window,unclassified
EXC006,OP1002,2025-03-28 09:00:00,0.6598855418803607,15 belt-unfastened minute(s) this window,unclassified
EXC006,OP1002,2025-03-28 09:15:00,0.6447802606474892,15 belt-unfastened minute(s) this window,unclassified
EXC006,OP1002,2025-03-28 09:30:00,0.6526396130610096,15 belt-unfastened minute(s) this window,unclassified
EXC006,OP1002,2025-03-28 11:45:00,0.6236142988160416,12 belt-unfastened minute(s) this window,operator_habit
EXC006,OP1002,2025-03-28 12:00:00,0.6485865696738533,15 belt-unfastened minute(s) this window,unclassified
EXC006,OP1002,2025-03-28 12:15:00,0.6478111286000673,15 belt-unfastened minute(s) this window,unclassified
EXC006,OP1002,2025-03-28 12:30:00,0.6532653298323855,15 belt-unfastened minute(s) this window,unclassified
EXC006,OP1002,2025-03-28 15:30:00,0.6849104574907025,unusually low load-cycle throughput this window,unclassified
EXC006,OP1003,2025-03-23 19:30:00,0.6438569549740543,idle ratio 100% vs your usual 28%,unclassified
EXC006,OP1004,2025-03-27 07:30:00,0.6058641830126618,idle ratio 100% vs your usual 14%,unclassified
EXC006,OP1004,2025-04-13 08:00:00,0.6024286692540709,idle ratio 100% vs your usual 14%,unclassified
EXC006,OP1004,2025-05-07 08:00:00,0.6065264271069443,idle ratio 100% vs your usual 14%,unclassified
EXC006,OP1005,2025-04-08 08:00:00,0.6112160950007435,idle ratio 83% vs your usual 15%,unclassified
EXC006,OP1005,2025-06-12 07:45:00,0.6261487431721504,idle ratio 100% vs your usual 15%,site_bottleneck
EXC006,OP1007,2025-05-08 09:15:00,0.601967719166912,10 belt-unfastened minute(s) this window,operator_habit
EXC006,OP1007,2025-05-08 09:30:00,0.6527907286028373,15 belt-unfastened minute(s) this window,unclassified
EXC006,OP1007,2025-05-08 09:45:00,0.6451921216069225,15 belt-unfastened minute(s) this window,unclassified
EXC006,OP1007,2025-05-08 10:00:00,0.6590508889101027,15 belt-unfastened minute(s) this window,unclassified
EXC006,OP1007,2025-05-08 10:15:00,0.644562172788093,15 belt-unfastened minute(s) this window,unclassified
EXC006,OP1007,2025-05-08 10:30:00,0.6532325473238118,15 belt-unfastened minute(s) this window,unclassified
EXC006,OP1007,2025-05-08 13:15:00,0.6457887528903014,13 belt-unfastened minute(s) this window,operator_habit
EXC006,OP1007,2025-05-08 13:30:00,0.6526902801714267,15 belt-unfastened minute(s) this window,unclassified
EXC006,OP1007,2025-05-08 13:45:00,0.6542048849379419,15 belt-unfastened minute(s) this window,unclassified
EXC006,OP1007,2025-05-08 14:00:00,0.6512248699473225,15 belt-unfastened minute(s) this window,unclassified
EXC006,OP1007,2025-05-08 14:15:00,0.6579256424769317,15 belt-unfastened minute(s) this window,unclassified
EXC006,OP1007,2025-05-08 14:30:00,0.6333229913075503,12 belt-unfastened minute(s) this window,unclassified
EXC006,OP1007,2025-05-29 12:00:00,0.6020233346115333,10 belt-unfastened minute(s) this window,operator_habit
EXC006,OP1007,2025-05-29 12:15:00,0.6517288258511761,15 belt-unfastened minute(s) this window,unclassified
EXC006,OP1007,2025-05-29 15:15:00,0.6309706336686235,12 belt-unfastened minute(s) this window,site_bottleneck
EXC006,OP1007,2025-05-31 07:30:00,0.6044252153127595,mildly elevated vs baseline: idle ratio 100% vs your usual 59%,unclassified
EXC006,OP1007,2025-05-31 10:30:00,0.6564831034373536,15 belt-unfastened minute(s) this window,unclassified
EXC006,OP1007,2025-05-31 16:45:00,0.6449875134929802,8 belt-unfastened minute(s) this window,site_bottleneck
EXC006,OP1007,2025-06-05 07:15:00,0.6432354041259468,mildly elevated vs baseline: idle ratio 100% vs your usual 59%,operator_habit
EXC006,OP1008,2025-04-19 07:30:00,0.6196449338121098,mildly elevated vs baseline: idle ratio 100% vs your usual 60%,unclassified
EXC006,OP1008,2025-04-19 13:00:00,0.6095686186331695,11 belt-unfastened minute(s) this window,operator_habit
EXC006,OP1008,2025-04-19 13:15:00,0.6623149030420044,15 belt-unfastened minute(s) this window,unclassified
EXC006,OP1008,2025-04-19 13:30:00,0.6565138777560646,15 belt-unfastened minute(s) this window,unclassified
EXC006,OP1008,2025-04-22 08:00:00,0.6324950828575973,mildly elevated vs baseline: idle ratio 100% vs your usual 60%,unclassified
EXC006,OP1008,2025-04-22 08:45:00,0.6549851489318264,15 belt-unfastened minute(s) this window,unclassified
EXC006,OP1008,2025-04-22 09:00:00,0.6538958361491054,15 belt-unfastened minute(s) this window,unclassified
EXC006,OP1008,2025-04-22 09:15:00,0.6222864076614205,10 belt-unfastened minute(s) this window,unclassified
EXC006,OP1009,2025-04-03 08:00:00,0.6081073778639436,idle ratio 100% vs your usual 14%,unclassified
EXC006,OP1009,2025-05-12 07:45:00,0.6018732639054496,idle ratio 100% vs your usual 14%,unclassified
EXC006,OP1010,2025-04-05 07:30:00,0.6072279317093862,idle ratio 100% vs your usual 14%,unclassified
EXC006,OP1013,2025-03-25 08:00:00,0.6023234891344657,7 belt-unfastened minute(s) this window,unclassified
EXC006,OP1013,2025-04-09 07:45:00,0.6358298608987348,idle ratio 100% vs your usual 13%,unclassified
EXC006,OP1014,2025-04-01 20:00:00,0.5988574374468684,idle ratio 83% vs your usual 14%,unclassified
EXC006,OP1014,2025-04-24 19:30:00,0.6460063475159543,idle ratio 100% vs your usual 14%,unclassified
EXC006,OP1015,2025-05-11 15:45:00,0.6903698847654056,unusually low load-cycle throughput this window,unclassified
EXC006,OP1016,2025-03-19 08:15:00,0.659190648474996,13 belt-unfastened minute(s) this window,operator_habit
EXC006,OP1016,2025-03-19 08:30:00,0.6498020258416352,15 belt-unfastened minute(s) this window,unclassified
EXC006,OP1016,2025-03-19 08:45:00,0.6544806737136566,15 belt-unfastened minute(s) this window,unclassified
EXC006,OP1016,2025-03-19 15:45:00,0.5983638703011608,unusually low load-cycle throughput this window,unclassified
EXC006,OP1016,2025-05-21 11:00:00,0.6433362192466333,15 belt-unfastened minute(s) this window,unclassified
EXC006,OP1016,2025-05-21 11:15:00,0.6585936966458751,15 belt-unfastened minute(s) this window,unclassified
EXC006,OP1016,2025-05-21 15:30:00,0.6565915664032735,15 belt-unfastened minute(s) this window,unclassified
EXC006,OP1017,2025-04-14 13:00:00,0.6036072021483113,7 belt-unfastened minute(s) this window,unclassified
EXC006,OP1017,2025-04-14 14:30:00,0.612434773092633,7 belt-unfastened minute(s) this window,unclassified
EXC006,OP1018,2025-03-17 10:30:00,0.6173473755771082,11 belt-unfastened minute(s) this window,unclassified
EXC006,OP1018,2025-03-18 08:15:00,0.6225867029430204,10 belt-unfastened minute(s) this window,unclassified
EXC006,OP1018,2025-04-07 08:00:00,0.6356220401960864,idle ratio 100% vs your usual 33%,unclassified
EXC006,OP1018,2025-04-07 09:00:00,0.6194076304405755,10 belt-unfastened minute(s) this window,operator_habit
EXC006,OP1018,2025-04-07 10:00:00,0.6128755495888887,11 belt-unfastened minute(s) this window,site_bottleneck
EXC006,OP1018,2025-04-07 14:30:00,0.613429857679717,10 belt-unfastened minute(s) this window,site_bottleneck
EXC006,OP1018,2025-04-07 15:00:00,0.6505642904557429,idle ratio 100% vs your usual 33%; 15 belt-unfastened minute(s) this window,unclassified
EXC006,OP1018,2025-04-07 15:15:00,0.6499052187081802,idle ratio 100% vs your usual 33%; 15 belt-unfastened minute(s) this window,unclassified
EXC006,OP1018,2025-04-07 15:30:00,0.6475499692445068,idle ratio 100% vs your usual 33%; 15 belt-unfastened minute(s) this window,unclassified
EXC006,OP1018,2025-04-07 15:45:00,0.6526660254183747,idle ratio 100% vs your usual 33%; 15 belt-unfastened minute(s) this window,unclassified
EXC006,OP1018,2025-04-07 16:00:00,0.647330944570112,idle ratio 100% vs your usual 33%; 15 belt-unfastened minute(s) this window,unclassified
EXC006,OP1018,2025-05-25 07:45:00,0.6099969509840375,idle ratio 100% vs your usual 33%,unclassified
EXC006,OP1018,2025-05-25 10:45:00,0.6480303157449135,idle ratio 100% vs your usual 33%; 15 belt-unfastened minute(s) this window,unclassified
EXC006,OP1019,2025-06-03 07:45:00,0.6083338082031586,idle ratio 100% vs your usual 15%,unclassified
EXC006,OP1020,2025-04-02 08:15:00,0.6436391794098231,idle ratio 100% vs your usual 30%,operator_habit
EXC006,OP1020,2025-04-02 10:00:00,0.6454308511503352,idle ratio 80% vs your usual 30%; 12 belt-unfastened minute(s) this window,unclassified
EXC006,OP1020,2025-04-02 10:15:00,0.628276275634639,idle ratio 80% vs your usual 30%; 12 belt-unfastened minute(s) this window,unclassified
EXC006,OP1020,2025-04-02 11:15:00,0.6036082821682626,10 belt-unfastened minute(s) this window,unclassified
EXC006,OP1021,2025-05-09 07:30:00,0.6359108052388869,idle ratio 100% vs your usual 34%,unclassified
EXC006,OP1021,2025-05-09 12:45:00,0.6545799522950175,idle ratio 87% vs your usual 34%; 13 belt-unfastened minute(s) this window,operator_habit
EXC006,OP1021,2025-05-09 13:30:00,0.6549441591665061,idle ratio 87% vs your usual 34%; 13 belt-unfastened minute(s) this window,operator_habit
EXC006,OP1021,2025-05-09 15:00:00,0.6142949431289345,11 belt-unfastened minute(s) this window,operator_habit
EXC006,OP1021,2025-06-13 07:30:00,0.6028364021651951,idle ratio 100% vs your usual 34%,unclassified
EXC006,OP1021,2025-06-13 09:00:00,0.6056827536472608,10 belt-unfastened minute(s) this window,site_bottleneck
EXC006,OP1021,2025-06-13 09:30:00,0.6499057558387119,idle ratio 87% vs your usual 34%; 13 belt-unfastened minute(s) this window,operator_habit
EXC006,OP1021,2025-06-13 11:45:00,0.6776093994862884,idle ratio 93% vs your usual 34%; 14 belt-unfastened minute(s) this window,site_bottleneck
EXC006,OP1021,2025-06-13 14:00:00,0.6474656017141444,idle ratio 87% vs your usual 34%; 13 belt-unfastened minute(s) this window,unclassified
EXC006,OP1023,2025-03-30 12:00:00,0.624848947314954,idle ratio 80% vs your usual 28%; 12 belt-unfastened minute(s) this window,unclassified
EXC006,OP1023,2025-04-10 09:30:00,0.6285778787214689,idle ratio 80% vs your usual 28%; 12 belt-unfastened minute(s) this window,operator_habit
EXC006,OP1023,2025-04-10 15:15:00,0.6002276595143373,idle ratio 100% vs your usual 28%,unclassified
EXC006,OP1025,2025-03-29 13:30:00,0.65002188660733,15 belt-unfastened minute(s) this window,unclassified
EXC006,OP1025,2025-03-29 13:45:00,0.6459696502010988,15 belt-unfastened minute(s) this window,unclassified
EXC006,OP1025,2025-04-16 15:00:00,0.6545198167626046,15 belt-unfastened minute(s) this window,unclassified
EXC006,OP1025,2025-04-16 15:15:00,0.6600460772467639,15 belt-unfastened minute(s) this window,unclassified
EXC006,OP1025,2025-04-16 15:30:00,0.6590508889101027,15 belt-unfastened minute(s) this window,unclassified
EXC006,OP1025,2025-04-16 15:45:00,0.6511223067889502,15 belt-unfastened minute(s) this window,unclassified
EXC006,OP1025,2025-04-16 16:00:00,0.6526660254183747,15 belt-unfastened minute(s) this window,unclassified
EXC006,OP1025,2025-04-18 14:30:00,0.653353018381562,15 belt-unfastened minute(s) this window,unclassified
EXC006,OP1025,2025-04-18 14:45:00,0.6612841883917673,15 belt-unfastened minute(s) this window,unclassified
EXC006,OP1025,2025-04-18 17:45:00,0.6494307859828149,unusually low load-cycle throughput this window,unclassified
EXC006,OP1025,2025-05-14 13:15:00,0.6462790568560688,15 belt-unfastened minute(s) this window,unclassified
EXC006,OP1025,2025-05-14 15:00:00,0.6260966666859783,mildly elevated vs baseline: idle ratio 100% vs your usual 62%,unclassified
EXC006,OP1025,2025-05-24 09:30:00,0.6487038369824326,15 belt-unfastened minute(s) this window,unclassified
EXC006,OP1025,2025-05-24 14:15:00,0.6169415884503137,10 belt-unfastened minute(s) this window,operator_habit
EXC006,OP1025,2025-05-24 14:30:00,0.6506993626381874,15 belt-unfastened minute(s) this window,unclassified
EXC006,OP1025,2025-05-24 14:45:00,0.6446807931630254,13 belt-unfastened minute(s) this window,unclassified
EXC006,OP1026,2025-04-29 19:45:00,0.6359108052388869,mildly elevated vs baseline: idle ratio 100% vs your usual 62%,unclassified
EXC006,OP1026,2025-04-30 03:45:00,0.6440350722199172,11 belt-unfastened minute(s) this window,unclassified
EXC006,OP1026,2025-04-30 20:00:00,0.6056863758961223,mildly elevated vs baseline: idle ratio 100% vs your usual 62%,site_bottleneck
EXC006,OP1026,2025-05-01 02:15:00,0.6492722528409562,15 belt-unfastened minute(s) this window,unclassified
EXC006,OP1026,2025-05-01 03:45:00,0.6481562316266687,15 belt-unfastened minute(s) this window,unclassified
EXC006,OP1026,2025-05-01 04:00:00,0.6603899618851553,15 belt-unfastened minute(s) this window,unclassified
EXC006,OP1026,2025-05-01 04:15:00,0.6497301430995778,15 belt-unfastened minute(s) this window,unclassified
EXC006,OP1026,2025-05-01 05:00:00,0.6309555003543298,mildly elevated vs baseline: idle ratio 100% vs your usual 62%,unclassified
EXC006,OP1026,2025-05-04 02:15:00,0.6469806753381596,15 belt-unfastened minute(s) this window,unclassified
EXC006,OP1026,2025-05-04 02:30:00,0.653107759738332,15 belt-unfastened minute(s) this window,unclassified
EXC006,OP1026,2025-05-04 02:45:00,0.6520039840696206,15 belt-unfastened minute(s) this window,unclassified
EXC006,OP1026,2025-05-04 03:45:00,0.658780577538856,15 belt-unfastened minute(s) this window,operator_habit
EXC006,OP1026,2025-05-04 04:00:00,0.6627828457226861,15 belt-unfastened minute(s) this window,unclassified
EXC006,OP1026,2025-05-04 04:15:00,0.648692718501424,13 belt-unfastened minute(s) this window,unclassified
EXC006,OP1027,2025-05-23 07:30:00,0.6591801436786636,idle ratio 100% vs your usual 33%,unclassified
EXC006,OP1027,2025-06-09 08:00:00,0.6445201809298492,idle ratio 100% vs your usual 33%; 10 belt-unfastened minute(s) this window,site_bottleneck
EXC006,OP1027,2025-06-09 08:15:00,0.6622881002098879,idle ratio 100% vs your usual 33%; 15 belt-unfastened minute(s) this window,unclassified
EXC006,OP1027,2025-06-09 08:30:00,0.6517288258511761,idle ratio 100% vs your usual 33%; 15 belt-unfastened minute(s) this window,unclassified
EXC006,OP1027,2025-06-09 08:45:00,0.6516719026393779,idle ratio 100% vs your usual 33%; 15 belt-unfastened minute(s) this window,unclassified
EXC006,OP1027,2025-06-09 09:00:00,0.6520039840696206,idle ratio 100% vs your usual 33%; 15 belt-unfastened minute(s) this window,unclassified
EXC006,OP1028,2025-03-31 08:00:00,0.6150863700364692,idle ratio 100% vs your usual 13%,unclassified
EXC006,OP1028,2025-05-06 16:00:00,0.61809518384548,unusually low load-cycle throughput this window,unclassified
EXC006,OP1029,2025-03-22 09:45:00,0.6549441591665061,idle ratio 87% vs your usual 31%; 13 belt-unfastened minute(s) this window,unclassified
EXC006,OP1029,2025-03-22 11:15:00,0.6523730951654565,idle ratio 100% vs your usual 31%; 15 belt-unfastened minute(s) this window,site_bottleneck
EXC006,OP1029,2025-05-05 08:00:00,0.615142332915775,idle ratio 100% vs your usual 31%,unclassified
EXC006,OP1030,2025-04-04 09:45:00,0.6447802606474892,idle ratio 100% vs your usual 32%; 15 belt-unfastened minute(s) this window,unclassified
EXC006,OP1030,2025-04-04 10:30:00,0.6248481701582516,idle ratio 80% vs your usual 32%; 12 belt-unfastened minute(s) this window,site_bottleneck
EXC006,OP1030,2025-04-04 13:45:00,0.6115359475330557,11 belt-unfastened minute(s) this window,operator_habit
EXC006,OP1030,2025-04-04 16:00:00,0.6351085600426942,mildly elevated vs baseline: idle ratio 75% vs your usual 32%,operator_habit
EXC006,OP1031,2025-05-13 08:00:00,0.6060071149250471,idle ratio 100% vs your usual 13%,unclassified
EXC006,OP1031,2025-06-06 09:45:00,0.5995096500885114,3 belt-unfastened minute(s) this window,unclassified
EXC006,OP1033,2025-03-26 13:00:00,0.6431198168491782,idle ratio 100% vs your usual 30%; 15 belt-unfastened minute(s) this window,unclassified
EXC006,OP1033,2025-03-26 13:15:00,0.6105476461656181,10 belt-unfastened minute(s) this window,unclassified
EXC006,OP1033,2025-03-26 16:00:00,0.6901363768565114,unusually low load-cycle throughput this window,unclassified
EXC006,OP1033,2025-04-11 15:45:00,0.6522488282168981,idle ratio 100% vs your usual 30%; 15 belt-unfastened minute(s) this window,unclassified
EXC006,OP1033,2025-04-11 16:30:00,0.6519332368363584,idle ratio 87% vs your usual 30%; 13 belt-unfastened minute(s) this window,site_bottleneck
EXC006,OP1033,2025-04-11 16:45:00,0.640145358803641,idle ratio 100% vs your usual 30%; 5 belt-unfastened minute(s) this window,unclassified
EXC006,OP1033,2025-04-12 13:00:00,0.6275554998814327,idle ratio 80% vs your usual 30%; 12 belt-unfastened minute(s) this window,site_bottleneck
EXC006,OP1033,2025-04-12 13:15:00,0.6471540118870571,idle ratio 100% vs your usual 30%; 15 belt-unfastened minute(s) this window,unclassified
EXC006,OP1033,2025-04-12 13:30:00,0.6553736233160569,idle ratio 100% vs your usual 30%; 15 belt-unfastened minute(s) this window,unclassified
EXC006,OP1033,2025-04-12 13:45:00,0.6794776612272544,idle ratio 93% vs your usual 30%; 14 belt-unfastened minute(s) this window,unclassified
EXC006,OP1035,2025-04-20 10:00:00,0.6285863820521416,idle ratio 80% vs your usual 33%; 12 belt-unfastened minute(s) this window,unclassified
EXC006,OP1035,2025-04-20 10:30:00,0.6766303265761684,idle ratio 93% vs your usual 33%; 14 belt-unfastened minute(s) this window,site_bottleneck
EXC006,OP1035,2025-04-23 08:00:00,0.6469702781968285,idle ratio 100% vs your usual 33%,unclassified
EXC006,OP1035,2025-04-23 08:30:00,0.6096722219571706,11 belt-unfastened minute(s) this window,unclassified
EXC006,OP1035,2025-04-23 15:45:00,0.6245278146621732,idle ratio 80% vs your usual 33%; 12 belt-unfastened minute(s) this window,unclassified
EXC006,OP1035,2025-04-23 17:00:00,0.650803657022679,mildly elevated vs baseline: idle ratio 75% vs your usual 33%,unclassified
EXC006,OP1038,2025-05-17 17:00:00,0.6743867723088582,unusually low load-cycle throughput this window,unclassified
EXC006,OP1039,2025-06-01 15:30:00,0.653694791641982,idle ratio 87% vs your usual 31%; 13 belt-unfastened minute(s) this window,site_bottleneck
EXC006,OP1039,2025-06-01 15:45:00,0.6204900403725878,10 belt-unfastened minute(s) this window,unclassified
EXC006,OP1039,2025-06-10 08:00:00,0.625902994072222,idle ratio 100% vs your usual 31%,unclassified
WLD001,OP1001,2025-03-30 09:00:00,0.6626550066578882,idle ratio 87% vs your usual 33%; 13 belt-unfastened minute(s) this window,site_bottleneck
WLD001,OP1001,2025-03-30 12:30:00,0.6561079683306998,idle ratio 87% vs your usual 33%; 13 belt-unfastened minute(s) this window,unclassified
WLD001,OP1002,2025-05-18 09:00:00,0.5998481933408073,high fuel per cycle vs your baseline,site_bottleneck
WLD001,OP1002,2025-05-18 12:15:00,0.6469057184184399,15 belt-unfastened minute(s) this window,unclassified
WLD001,OP1003,2025-03-21 21:00:00,0.6128533929063373,idle ratio 73% vs your usual 28%; high fuel per cycle vs your baseline,unclassified
WLD001,OP1003,2025-03-21 23:00:00,0.6373011269329143,idle ratio 100% vs your usual 28%; 15 belt-unfastened minute(s) this window,site_bottleneck
WLD001,OP1003,2025-04-11 03:45:00,0.6200887182439374,high fuel per cycle vs your baseline,unclassified
WLD001,OP1003,2025-04-11 04:30:00,0.6379204424619658,idle ratio 100% vs your usual 28%,unclassified
WLD001,OP1003,2025-04-21 20:30:00,0.6664375379120954,idle ratio 73% vs your usual 28%; 11 belt-unfastened minute(s) this window; high fuel per cycle vs your baseline,site_bottleneck
WLD001,OP1003,2025-04-21 23:30:00,0.6547390659049773,idle ratio 73% vs your usual 28%; 11 belt-unfastened minute(s) this window; high fuel per cycle vs your baseline,unclassified
WLD001,OP1003,2025-04-22 01:30:00,0.6714392172962593,idle ratio 93% vs your usual 28%; 14 belt-unfastened minute(s) this window,site_bottleneck
WLD001,OP1004,2025-05-16 15:15:00,0.6872366457329404,unusually low load-cycle throughput this window,unclassified
WLD001,OP1005,2025-06-08 07:45:00,0.6359108052388869,idle ratio 100% vs your usual 15%,unclassified
WLD001,OP1006,2025-04-28 07:45:00,0.6253610024419629,idle ratio 100% vs your usual 15%,unclassified
WLD001,OP1006,2025-05-07 08:00:00,0.6119404809253918,idle ratio 100% vs your usual 15%,unclassified
WLD001,OP1006,2025-06-12 17:00:00,0.6196449338121098,idle ratio 100% vs your usual 15%,site_bottleneck
WLD001,OP1007,2025-03-17 08:15:00,0.6468783101577608,15 belt-unfastened minute(s) this window,unclassified
WLD001,OP1007,2025-03-17 10:45:00,0.6333234797277114,15 belt-unfastened minute(s) this window,unclassified
WLD001,OP1007,2025-03-17 11:00:00,0.6335050303633336,15 belt-unfastened minute(s) this window,unclassified
WLD001,OP1007,2025-03-17 14:15:00,0.6379272866568086,15 belt-unfastened minute(s) this window,unclassified
WLD001,OP1007,2025-03-17 14:45:00,0.6076615543874091,high fuel per cycle vs your baseline,unclassified
WLD001,OP1007,2025-03-28 08:00:00,0.6664831824095682,mildly elevated vs baseline: idle ratio 100% vs your usual 59%,unclassified
WLD001,OP1007,2025-03-28 09:15:00,0.6359264912034566,15 belt-unfastened minute(s) this window,unclassified
WLD001,OP1007,2025-03-28 14:15:00,0.6473764687233658,9 belt-unfastened minute(s) this window; high fuel per cycle vs your baseline,unclassified
WLD001,OP1007,2025-03-28 18:00:00,0.6271565839316304,mildly elevated vs baseline: idle ratio 100% vs your usual 59%,unclassified
WLD001,OP1008,2025-05-28 08:00:00,0.635937265659761,mildly elevated vs baseline: idle ratio 100% vs your usual 60%,unclassified
WLD001,OP1008,2025-05-28 08:45:00,0.6465055786495428,15 belt-unfastened minute(s) this window,unclassified
WLD001,OP1008,2025-05-28 09:00:00,0.6371212065733609,15 belt-unfastened minute(s) this window,unclassified
WLD001,OP1008,2025-05-28 09:15:00,0.635066554833174,15 belt-unfastened minute(s) this window,unclassified
WLD001,OP1008,2025-05-28 09:30:00,0.6373367767789726,15 belt-unfastened minute(s) this window,unclassified
WLD001,OP1008,2025-05-28 09:45:00,0.6377115167195316,15 belt-unfastened minute(s) this window,unclassified
WLD001,OP1008,2025-05-28 10:00:00,0.6572753521287549,11 belt-unfastened minute(s) this window; high fuel per cycle vs your baseline,unclassified
WLD001,OP1008,2025-05-28 12:15:00,0.598415102050943,high fuel per cycle vs your baseline,unclassified
WLD001,OP1008,2025-05-28 15:45:00,0.6443221897238183,15 belt-unfastened minute(s) this window,unclassified
WLD001,OP1008,2025-05-28 16:00:00,0.6347501420133409,15 belt-unfastened minute(s) this window,unclassified
WLD001,OP1008,2025-05-28 16:15:00,0.6323275797825189,15 belt-unfastened minute(s) this window,unclassified
WLD001,OP1009,2025-04-15 16:15:00,0.6294141519359353,idle ratio 50% vs your usual 14%; unusually low load-cycle throughput this window,unclassified
WLD001,OP1009,2025-04-22 13:00:00,0.6344006218780953,8 belt-unfastened minute(s) this window; high fuel per cycle vs your baseline,unclassified
WLD001,OP1010,2025-05-04 17:45:00,0.617578128097962,mildly elevated vs baseline: 0 belt-unfastened minute(s) this window,unclassified
WLD001,OP1012,2025-04-27 16:15:00,0.6806698367684899,unusually low load-cycle throughput this window,unclassified
WLD001,OP1014,2025-05-15 04:15:00,0.6886284410852892,unusually low load-cycle throughput this window,unclassified
WLD001,OP1015,2025-04-09 14:00:00,0.5998490936346356,idle ratio 80% vs your usual 33%; high fuel per cycle vs your baseline,unclassified
WLD001,OP1016,2025-04-03 12:30:00,0.5985898827431271,high fuel per cycle vs your baseline,unclassified
WLD001,OP1016,2025-05-10 11:45:00,0.598430282234976,high fuel per cycle vs your baseline,unclassified
WLD001,OP1016,2025-05-10 17:15:00,0.6359545439369629,mildly elevated vs baseline: idle ratio 100% vs your usual 59%,unclassified
WLD001,OP1016,2025-05-12 14:15:00,0.633285167084772,15 belt-unfastened minute(s) this window,unclassified
WLD001,OP1016,2025-05-12 14:30:00,0.6306502442526595,15 belt-unfastened minute(s) this window,unclassified
WLD001,OP1018,2025-03-25 16:15:00,0.6451327805843251,idle ratio 100% vs your usual 33%,unclassified
WLD001,OP1018,2025-05-08 07:45:00,0.6373099395851537,idle ratio 100% vs your usual 33%,unclassified
WLD001,OP1018,2025-05-08 09:15:00,0.6603707447761772,idle ratio 87% vs your usual 33%; 13 belt-unfastened minute(s) this window,site_bottleneck
WLD001,OP1018,2025-05-08 09:30:00,0.6713421916027604,idle ratio 93% vs your usual 33%; 14 belt-unfastened minute(s) this window,unclassified
WLD001,OP1018,2025-05-08 15:45:00,0.6150623911126168,high fuel per cycle vs your baseline,unclassified
WLD001,OP1020,2025-03-20 07:30:00,0.6109758119467498,idle ratio 100% vs your usual 30%,unclassified
WLD001,OP1020,2025-03-20 10:45:00,0.6750651912671294,idle ratio 87% vs your usual 30%; 13 belt-unfastened minute(s) this window,operator_habit
WLD001,OP1020,2025-05-11 16:15:00,0.6553788810799125,11 belt-unfastened minute(s) this window; high fuel per cycle vs your baseline,operator_habit
WLD001,OP1021,2025-04-17 10:45:00,0.6359591076521947,high fuel per cycle vs your baseline,unclassified
WLD001,OP1021,2025-04-17 13:00:00,0.6511917316142314,11 belt-unfastened minute(s) this window; high fuel per cycle vs your baseline,unclassified
WLD001,OP1021,2025-04-17 14:30:00,0.6316861690341882,idle ratio 100% vs your usual 34%; 15 belt-unfastened minute(s) this window,site_bottleneck
WLD001,OP1021,2025-04-17 16:15:00,0.6553232051445144,11 belt-unfastened minute(s) this window; high fuel per cycle vs your baseline,unclassified
WLD001,OP1021,2025-04-29 08:00:00,0.6642982474963018,idle ratio 100% vs your usual 34%,unclassified
WLD001,OP1021,2025-04-29 10:00:00,0.6596935591202415,11 belt-unfastened minute(s) this window; high fuel per cycle vs your baseline,operator_habit
WLD001,OP1021,2025-04-29 10:15:00,0.6327045238667725,idle ratio 100% vs your usual 34%; 15 belt-unfastened minute(s) this window,unclassified
WLD001,OP1021,2025-04-29 10:30:00,0.6443221897238183,idle ratio 100% vs your usual 34%; 15 belt-unfastened minute(s) this window,unclassified
WLD001,OP1021,2025-04-29 10:45:00,0.6327128099047516,idle ratio 100% vs your usual 34%; 15 belt-unfastened minute(s) this window,unclassified
WLD001,OP1021,2025-04-29 11:00:00,0.637768136029661,idle ratio 100% vs your usual 34%; 15 belt-unfastened minute(s) this window,unclassified
WLD001,OP1021,2025-04-29 12:30:00,0.6026955366392018,10 belt-unfastened minute(s) this window,unclassified
WLD001,OP1021,2025-04-29 16:15:00,0.6056949788023619,high fuel per cycle vs your baseline,unclassified
WLD001,OP1021,2025-04-29 17:45:00,0.651145837062355,unusually low load-cycle throughput this window,unclassified
WLD001,OP1021,2025-05-15 07:45:00,0.6306132529943705,idle ratio 100% vs your usual 34%,unclassified
WLD001,OP1021,2025-05-15 14:00:00,0.6577234200230062,12 belt-unfastened minute(s) this window; high fuel per cycle vs your baseline,unclassified
WLD001,OP1021,2025-06-10 11:30:00,0.597108006831734,high fuel per cycle vs your baseline,unclassified
WLD001,OP1021,2025-06-10 16:15:00,0.647686782846952,mildly elevated vs baseline: 2 belt-unfastened minute(s) this window,unclassified
WLD001,OP1022,2025-04-30 23:15:00,0.6345973846618275,15 belt-unfastened minute(s) this window,unclassified
WLD001,OP1023,2025-04-19 07:45:00,0.6453510615090888,idle ratio 100% vs your usual 28%,unclassified
WLD001,OP1023,2025-05-30 07:45:00,0.6109758119467498,idle ratio 100% vs your usual 28%,unclassified
WLD001,OP1023,2025-05-30 12:45:00,0.6423057247903935,8 belt-unfastened minute(s) this window; high fuel per cycle vs your baseline,unclassified
WLD001,OP1024,2025-03-22 09:00:00,0.6588422238882317,9 belt-unfastened minute(s) this window; high fuel per cycle vs your baseline,unclassified
WLD001,OP1024,2025-05-21 08:00:00,0.6256646424326946,idle ratio 100% vs your usual 12%,unclassified
WLD001,OP1024,2025-05-21 10:00:00,0.6624847858374175,8 belt-unfastened minute(s) this window; high fuel per cycle vs your baseline,unclassified
WLD001,OP1024,2025-05-21 11:00:00,0.60201867244987,high fuel per cycle vs your baseline,unclassified
WLD001,OP1024,2025-05-21 11:45:00,0.6714584087358496,8 belt-unfastened minute(s) this window; high fuel per cycle vs your baseline,unclassified
WLD001,OP1025,2025-03-31 10:45:00,0.637768136029661,15 belt-unfastened minute(s) this window,unclassified
WLD001,OP1025,2025-03-31 11:00:00,0.6590243892896771,11 belt-unfastened minute(s) this window; high fuel per cycle vs your baseline,unclassified
WLD001,OP1025,2025-03-31 16:15:00,0.6371944304079996,unusually low load-cycle throughput this window,unclassified
WLD001,OP1026,2025-04-26 02:00:00,0.6585748261535967,12 belt-unfastened minute(s) this window; high fuel per cycle vs your baseline,operator_habit
WLD001,OP1026,2025-04-26 02:15:00,0.6406173724623805,15 belt-unfastened minute(s) this window,unclassified
WLD001,OP1026,2025-04-26 02:30:00,0.6402413170923458,15 belt-unfastened minute(s) this window,unclassified
WLD001,OP1026,2025-04-26 04:00:00,0.6600283481657923,12 belt-unfastened minute(s) this window; high fuel per cycle vs your baseline,operator_habit
WLD001,OP1026,2025-04-26 04:15:00,0.6487263548418135,mildly elevated vs baseline: idle ratio 100% vs your usual 62%,unclassified
WLD001,OP1026,2025-05-23 19:45:00,0.6144375068874667,mildly elevated vs baseline: idle ratio 100% vs your usual 62%,unclassified
WLD001,OP1026,2025-05-23 22:15:00,0.5999351752057972,high fuel per cycle vs your baseline,unclassified
WLD001,OP1026,2025-06-03 00:30:00,0.6387844147929557,15 belt-unfastened minute(s) this window,unclassified
WLD001,OP1026,2025-06-03 02:15:00,0.6330765544960599,15 belt-unfastened minute(s) this window,unclassified
WLD001,OP1026,2025-06-03 02:30:00,0.6393963118547406,15 belt-unfastened minute(s) this window,unclassified
WLD001,OP1026,2025-06-03 02:45:00,0.6400564068200933,15 belt-unfastened minute(s) this window,unclassified
WLD001,OP1026,2025-06-05 04:45:00,0.6022059470755583,unusually low load-cycle throughput this window,unclassified
WLD001,OP1026,2025-06-06 03:30:00,0.6674772719875098,13 belt-unfastened minute(s) this window; high fuel per cycle vs your baseline,unclassified
WLD001,OP1026,2025-06-06 03:45:00,0.6550930966152745,mildly elevated vs baseline: idle ratio 100% vs your usual 62%,unclassified
WLD001,OP1027,2025-03-23 12:00:00,0.6769056434291637,idle ratio 93% vs your usual 33%; 14 belt-unfastened minute(s) this window,unclassified
WLD001,OP1027,2025-03-23 13:15:00,0.6732026550477824,12 belt-unfastened minute(s) this window; high fuel per cycle vs your baseline,site_bottleneck
WLD001,OP1027,2025-04-12 12:30:00,0.6734212445016037,idle ratio 87% vs your usual 33%; 13 belt-unfastened minute(s) this window,unclassified
WLD001,OP1027,2025-04-14 08:00:00,0.6395653275023181,idle ratio 100% vs your usual 33%,unclassified
WLD001,OP1027,2025-04-14 13:45:00,0.6285900092206138,high fuel per cycle vs your baseline,unclassified
WLD001,OP1027,2025-04-14 15:45:00,0.6190261459493323,idle ratio 86% vs your usual 33%,operator_habit
WLD001,OP1029,2025-03-18 18:00:00,0.6224964727858037,high fuel per cycle vs your baseline,unclassified
WLD001,OP1029,2025-03-24 08:00:00,0.6602512477426229,idle ratio 87% vs your usual 31%; 13 belt-unfastened minute(s) this window,unclassified
WLD001,OP1029,2025-03-24 12:00:00,0.633285167084772,idle ratio 100% vs your usual 31%; 15 belt-unfastened minute(s) this window,unclassified
WLD001,OP1029,2025-03-24 15:00:00,0.6337710498220763,idle ratio 100% vs your usual 31%; 15 belt-unfastened minute(s) this window,unclassified
WLD001,OP1029,2025-03-24 15:15:00,0.6346354886604668,idle ratio 100% vs your usual 31%; 15 belt-unfastened minute(s) this window,unclassified
WLD001,OP1029,2025-03-24 15:30:00,0.6448025553805995,idle ratio 100% vs your usual 31%; 15 belt-unfastened minute(s) this window,unclassified
WLD001,OP1029,2025-03-24 15:45:00,0.6616740079430018,idle ratio 80% vs your usual 31%; 12 belt-unfastened minute(s) this window; high fuel per cycle vs your baseline,unclassified
WLD001,OP1030,2025-03-19 07:30:00,0.6589571852612535,idle ratio 100% vs your usual 32%,unclassified
WLD001,OP1030,2025-03-19 09:30:00,0.6610412816888821,idle ratio 87% vs your usual 32%; 13 belt-unfastened minute(s) this window,unclassified
WLD001,OP1030,2025-03-19 11:15:00,0.6323275797825189,idle ratio 100% vs your usual 32%; 15 belt-unfastened minute(s) this window,unclassified
WLD001,OP1030,2025-04-07 13:45:00,0.6546689917535963,high fuel per cycle vs your baseline,unclassified
WLD001,OP1030,2025-04-07 14:45:00,0.6389638513751507,idle ratio 100% vs your usual 32%; 15 belt-unfastened minute(s) this window,unclassified
WLD001,OP1030,2025-04-07 16:30:00,0.6762664590637294,idle ratio 93% vs your usual 32%; 14 belt-unfastened minute(s) this window,site_bottleneck
WLD001,OP1030,2025-04-26 07:45:00,0.6432354041259468,idle ratio 100% vs your usual 32%,operator_habit
WLD001,OP1030,2025-04-26 09:45:00,0.6790614796836761,11 belt-unfastened minute(s) this window; high fuel per cycle vs your baseline,unclassified
WLD001,OP1030,2025-04-26 13:00:00,0.6373440671208941,idle ratio 100% vs your usual 32%; 15 belt-unfastened minute(s) this window,operator_habit
WLD001,OP1030,2025-05-17 07:30:00,0.6585114946385774,idle ratio 100% vs your usual 32%,unclassified
WLD001,OP1030,2025-05-17 10:30:00,0.6613615070897456,11 belt-unfastened minute(s) this window; high fuel per cycle vs your baseline,unclassified
WLD001,OP1030,2025-05-17 10:45:00,0.6318999002927554,idle ratio 100% vs your usual 32%; 15 belt-unfastened minute(s) this window,unclassified
WLD001,OP1030,2025-05-17 11:00:00,0.6351033156212232,idle ratio 100% vs your usual 32%; 15 belt-unfastened minute(s) this window,unclassified
WLD001,OP1030,2025-05-17 13:45:00,0.6333234797277114,idle ratio 100% vs your usual 32%; 15 belt-unfastened minute(s) this window,unclassified
WLD001,OP1030,2025-05-27 12:00:00,0.6577914325001925,11 belt-unfastened minute(s) this window; high fuel per cycle vs your baseline,operator_habit
WLD001,OP1030,2025-05-27 13:30:00,0.6341635194175596,idle ratio 100% vs your usual 32%; 15 belt-unfastened minute(s) this window,unclassified
WLD001,OP1030,2025-05-27 13:45:00,0.6348502178224654,idle ratio 100% vs your usual 32%; 15 belt-unfastened minute(s) this window,unclassified
WLD001,OP1030,2025-05-27 14:00:00,0.6337137841442273,idle ratio 100% vs your usual 32%; 15 belt-unfastened minute(s) this window,unclassified
WLD001,OP1030,2025-05-27 17:00:00,0.6615632875330502,idle ratio 80% vs your usual 32%; 12 belt-unfastened minute(s) this window; high fuel per cycle vs your baseline,site_bottleneck
WLD001,OP1030,2025-06-07 08:00:00,0.6443377364282844,idle ratio 100% vs your usual 32%,unclassified
WLD001,OP1030,2025-06-07 13:15:00,0.6303377174576592,high fuel per cycle vs your baseline,unclassified
WLD001,OP1030,2025-06-07 13:45:00,0.6348502178224654,idle ratio 100% vs your usual 32%; 15 belt-unfastened minute(s) this window,unclassified
WLD001,OP1030,2025-06-07 14:00:00,0.6359879824701744,idle ratio 100% vs your usual 32%; 15 belt-unfastened minute(s) this window,unclassified
WLD001,OP1030,2025-06-07 14:15:00,0.6375524199228464,idle ratio 100% vs your usual 32%; 15 belt-unfastened minute(s) this window,unclassified
WLD001,OP1030,2025-06-07 14:30:00,0.6467936870708192,idle ratio 100% vs your usual 32%; 15 belt-unfastened minute(s) this window,unclassified
WLD001,OP1030,2025-06-07 16:00:00,0.6812237265808638,11 belt-unfastened minute(s) this window; high fuel per cycle vs your baseline,operator_habit
WLD001,OP1031,2025-04-18 13:30:00,0.6619709618897773,7 belt-unfastened minute(s) this window; high fuel per cycle vs your baseline,unclassified
WLD001,OP1031,2025-05-02 08:00:00,0.635343994346273,idle ratio 100% vs your usual 13%,unclassified
WLD001,OP1031,2025-05-26 07:45:00,0.6013593384346361,idle ratio 100% vs your usual 13%,unclassified
WLD001,OP1031,2025-05-26 10:45:00,0.6864400345557049,8 belt-unfastened minute(s) this window; high fuel per cycle vs your baseline,unclassified
WLD001,OP1031,2025-05-26 11:45:00,0.6520290738207853,7 belt-unfastened minute(s) this window; high fuel per cycle vs your baseline,unclassified
WLD001,OP1034,2025-05-19 16:15:00,0.6249738569822575,idle ratio 50% vs your usual 14%; unusually low load-cycle throughput this window,unclassified
WLD001,OP1034,2025-06-03 08:15:00,0.6455694162892875,idle ratio 100% vs your usual 14%,site_bottleneck
WLD001,OP1034,2025-06-03 15:30:00,0.6305752611143174,idle ratio 50% vs your usual 14%; unusually low load-cycle throughput this window,unclassified
WLD001,OP1035,2025-05-01 08:15:00,0.6329400424302122,high fuel per cycle vs your baseline,unclassified
WLD001,OP1035,2025-05-01 16:45:00,0.6623573735159554,unusually low load-cycle throughput this window,unclassified
WLD001,OP1035,2025-06-09 09:45:00,0.6303441854257674,high fuel per cycle vs your baseline,unclassified
WLD001,OP1038,2025-05-13 07:30:00,0.6114189042031631,idle ratio 100% vs your usual 15%,unclassified
WLD001,OP1040,2025-04-08 17:00:00,0.6331206382824368,unusually low load-cycle throughput this window,unclassified
WLD001,OP1040,2025-04-24 08:30:00,0.6286928026005876,9 belt-unfastened minute(s) this window; high fuel per cycle vs your baseline,unclassified
WLD001,OP1040,2025-05-03 07:45:00,0.6273687826033337,idle ratio 100% vs your usual 14%,unclassified
WLD002,OP1001,2025-05-30 11:30:00,0.6017161938540875,10 belt-unfastened minute(s) this window,site_bottleneck
WLD002,OP1001,2025-05-30 16:30:00,0.6408341255970672,idle ratio 100% vs your usual 33%; 15 belt-unfastened minute(s) this window,unclassified
WLD002,OP1001,2025-05-30 16:45:00,0.6350268898501519,idle ratio 100% vs your usual 33%; 15 belt-unfastened minute(s) this window,unclassified
WLD002,OP1001,2025-05-30 17:00:00,0.6277181770756265,idle ratio 80% vs your usual 33%; 12 belt-unfastened minute(s) this window,unclassified
WLD002,OP1002,2025-03-21 14:15:00,0.650281641961227,15 belt-unfastened minute(s) this window,unclassified
WLD002,OP1002,2025-04-01 10:15:00,0.6252552645809863,11 belt-unfastened minute(s) this window,unclassified
WLD002,OP1002,2025-04-01 10:30:00,0.6397785301566595,15 belt-unfastened minute(s) this window,unclassified
WLD002,OP1002,2025-05-16 12:30:00,0.648123342477851,13 belt-unfastened minute(s) this window,operator_habit
WLD002,OP1002,2025-06-01 14:00:00,0.6411794262363535,15 belt-unfastened minute(s) this window,unclassified
WLD002,OP1002,2025-06-01 15:45:00,0.6409122298134773,15 belt-unfastened minute(s) this window,unclassified
WLD002,OP1002,2025-06-01 16:00:00,0.6381520239496146,15 belt-unfastened minute(s) this window,unclassified
WLD002,OP1002,2025-06-01 16:15:00,0.6390526511543608,15 belt-unfastened minute(s) this window,unclassified
WLD002,OP1002,2025-06-10 07:45:00,0.6302529310350411,mildly elevated vs baseline: idle ratio 100% vs your usual 61%,unclassified
WLD002,OP1002,2025-06-10 14:30:00,0.6378705191327744,15 belt-unfastened minute(s) this window,unclassified
WLD002,OP1002,2025-06-10 14:45:00,0.6391352021150778,15 belt-unfastened minute(s) this window,unclassified
WLD002,OP1003,2025-05-19 20:00:00,0.6050099004219014,idle ratio 100% vs your usual 28%,unclassified
WLD002,OP1003,2025-05-20 03:45:00,0.6196449338121098,idle ratio 100% vs your usual 28%,site_bottleneck
WLD002,OP1004,2025-03-20 08:00:00,0.6122829465702775,idle ratio 100% vs your usual 14%,unclassified
WLD002,OP1004,2025-03-20 18:00:00,0.6892031347615158,unusually low load-cycle throughput this window,unclassified
WLD002,OP1005,2025-04-20 08:00:00,0.6273768620281981,idle ratio 100% vs your usual 15%,unclassified
WLD002,OP1005,2025-05-23 08:00:00,0.6273768620281981,idle ratio 100% vs your usual 15%,unclassified
WLD002,OP1006,2025-05-29 09:00:00,0.6291675699304506,idle ratio 80% vs your usual 15%; 12 belt-unfastened minute(s) this window,operator_habit
WLD002,OP1006,2025-05-29 09:15:00,0.6367924949502274,idle ratio 100% vs your usual 15%; 15 belt-unfastened minute(s) this window,unclassified
WLD002,OP1006,2025-05-29 09:30:00,0.6435525315300048,idle ratio 100% vs your usual 15%; 15 belt-unfastened minute(s) this window,unclassified
WLD002,OP1006,2025-05-29 09:45:00,0.6524890873452512,idle ratio 100% vs your usual 15%; 15 belt-unfastened minute(s) this window,unclassified
WLD002,OP1006,2025-05-29 16:45:00,0.6247959006570905,unusually low load-cycle throughput this window,unclassified
WLD002,OP1007,2025-04-15 08:00:00,0.6460063475159543,mildly elevated vs baseline: idle ratio 100% vs your usual 59%,unclassified
WLD002,OP1007,2025-04-15 08:45:00,0.6481031743810072,15 belt-unfastened minute(s) this window,unclassified
WLD002,OP1007,2025-04-15 15:15:00,0.6437464469880182,unusually low load-cycle throughput this window,unclassified
WLD002,OP1008,2025-04-08 08:15:00,0.6265306866273143,11 belt-unfastened minute(s) this window,unclassified
WLD002,OP1008,2025-04-28 13:45:00,0.6458350266431183,15 belt-unfastened minute(s) this window,unclassified
WLD002,OP1008,2025-04-28 14:00:00,0.6416584030501123,15 belt-unfastened minute(s) this window,unclassified
WLD002,OP1008,2025-04-28 14:45:00,0.635066554833174,15 belt-unfastened minute(s) this window,unclassified
WLD002,OP1008,2025-04-28 15:00:00,0.6695824911742776,14 belt-unfastened minute(s) this window,unclassified
WLD002,OP1008,2025-04-28 16:00:00,0.607554371352164,mildly elevated vs baseline: idle ratio 100% vs your usual 60%,unclassified
WLD002,OP1009,2025-05-08 07:45:00,0.6286371963117113,idle ratio 100% vs your usual 14%,unclassified
WLD002,OP1009,2025-05-08 13:30:00,0.6130708815538876,high fuel per cycle vs your baseline,unclassified
WLD002,OP1009,2025-05-31 17:00:00,0.6039219499556303,mildly elevated vs baseline: 0 belt-unfastened minute(s) this window,unclassified
WLD002,OP1010,2025-05-01 15:15:00,0.6485191478505541,unusually low load-cycle throughput this window,unclassified
WLD002,OP1011,2025-06-11 16:30:00,0.645089385020372,unusually low load-cycle throughput this window,unclassified
WLD002,OP1013,2025-03-28 07:45:00,0.6334464732724394,idle ratio 100% vs your usual 13%,unclassified
WLD002,OP1013,2025-03-28 12:30:00,0.6247553837670285,5 belt-unfastened minute(s) this window; unusually fast swing rate (rushing pattern),operator_habit
WLD002,OP1013,2025-04-23 13:30:00,0.6159081915617833,7 belt-unfastened minute(s) this window,unclassified
WLD002,OP1013,2025-05-10 11:45:00,0.5988229524954827,idle ratio 60% vs your usual 13%; 9 belt-unfastened minute(s) this window,operator_habit
WLD002,OP1013,2025-05-10 12:00:00,0.6430721408118697,idle ratio 100% vs your usual 13%; 15 belt-unfastened minute(s) this window,unclassified
WLD002,OP1013,2025-05-10 12:15:00,0.6358499663747561,idle ratio 100% vs your usual 13%; 15 belt-unfastened minute(s) this window,unclassified
WLD002,OP1013,2025-05-10 12:30:00,0.6517620302903213,idle ratio 100% vs your usual 13%; 15 belt-unfastened minute(s) this window,unclassified
WLD002,OP1013,2025-06-03 07:30:00,0.5972593001264722,idle ratio 100% vs your usual 13%,unclassified
WLD002,OP1014,2025-03-31 20:00:00,0.617588399239896,idle ratio 100% vs your usual 14%,unclassified
WLD002,OP1015,2025-04-24 08:00:00,0.6286119363096753,idle ratio 100% vs your usual 33%,unclassified
WLD002,OP1016,2025-04-16 08:45:00,0.6486508557769218,15 belt-unfastened minute(s) this window,unclassified
WLD002,OP1016,2025-04-16 12:30:00,0.6417982677084649,15 belt-unfastened minute(s) this window,unclassified
WLD002,OP1016,2025-04-16 12:45:00,0.6367109635536615,15 belt-unfastened minute(s) this window,unclassified
WLD002,OP1016,2025-04-16 13:00:00,0.6363499184178811,11 belt-unfastened minute(s) this window,unclassified
WLD002,OP1016,2025-04-16 15:15:00,0.61038063159924,high fuel per cycle vs your baseline,unclassified
WLD002,OP1017,2025-04-11 11:15:00,0.6433612092344271,8 belt-unfastened minute(s) this window,unclassified
WLD002,OP1017,2025-04-11 16:45:00,0.647620122047037,unusually low load-cycle throughput this window,unclassified
WLD002,OP1017,2025-05-27 09:45:00,0.6206989257189366,8 belt-unfastened minute(s) this window,unclassified
WLD002,OP1017,2025-05-27 15:00:00,0.6751257814900256,unusually low load-cycle throughput this window,unclassified
WLD002,OP1018,2025-04-25 08:00:00,0.6383885642315975,idle ratio 100% vs your usual 33%,unclassified
WLD002,OP1018,2025-04-25 10:00:00,0.642015420399513,idle ratio 100% vs your usual 33%; 15 belt-unfastened minute(s) this window,unclassified
WLD002,OP1018,2025-05-03 08:00:00,0.6320766267687771,idle ratio 100% vs your usual 33%,unclassified
WLD002,OP1018,2025-05-03 09:15:00,0.6727949876486957,idle ratio 93% vs your usual 33%; 14 belt-unfastened minute(s) this window,operator_habit
WLD002,OP1018,2025-06-07 09:00:00,0.6267817726720482,11 belt-unfastened minute(s) this window,unclassified
WLD002,OP1018,2025-06-07 10:30:00,0.600711176150115,10 belt-unfastened minute(s) this window,unclassified
WLD002,OP1018,2025-06-07 15:00:00,0.6478765933227587,idle ratio 87% vs your usual 33%; 13 belt-unfastened minute(s) this window,unclassified
WLD002,OP1018,2025-06-07 15:45:00,0.6020001653746154,idle ratio 100% vs your usual 33%,unclassified
WLD002,OP1019,2025-06-12 07:30:00,0.6116193551110729,idle ratio 100% vs your usual 15%,unclassified
WLD002,OP1020,2025-03-23 15:00:00,0.6255084719242867,unusually low load-cycle throughput this window,unclassified
WLD002,OP1020,2025-05-25 07:45:00,0.632602612965809,idle ratio 100% vs your usual 30%,unclassified
WLD002,OP1020,2025-05-25 13:15:00,0.600831937940797,high fuel per cycle vs your baseline,unclassified
WLD002,OP1021,2025-04-10 13:15:00,0.6361416571766627,idle ratio 100% vs your usual 34%; 15 belt-unfastened minute(s) this window,unclassified
WLD002,OP1021,2025-04-10 13:30:00,0.6256900650022128,12 belt-unfastened minute(s) this window,unclassified
WLD002,OP1021,2025-04-12 12:15:00,0.6219647133309586,11 belt-unfastened minute(s) this window,unclassified
WLD002,OP1021,2025-05-07 11:00:00,0.6345112429249913,12 belt-unfastened minute(s) this window,unclassified
WLD002,OP1022,2025-03-29 23:15:00,0.6419853257010851,15 belt-unfastened minute(s) this window,unclassified
WLD002,OP1022,2025-03-29 23:30:00,0.6392002713768006,15 belt-unfastened minute(s) this window,unclassified
WLD002,OP1022,2025-03-29 23:45:00,0.6394851717349956,15 belt-unfastened minute(s) this window,unclassified
WLD002,OP1022,2025-03-30 01:30:00,0.6476648249498015,15 belt-unfastened minute(s) this window,unclassified
WLD002,OP1022,2025-03-30 01:45:00,0.6461971437485907,15 belt-unfastened minute(s) this window,unclassified
WLD002,OP1022,2025-04-04 00:00:00,0.6428095299769954,15 belt-unfastened minute(s) this window,unclassified
WLD002,OP1022,2025-04-04 00:15:00,0.6391295614276111,15 belt-unfastened minute(s) this window,unclassified
WLD002,OP1022,2025-04-04 02:45:00,0.6413180003308225,12 belt-unfastened minute(s) this window,site_bottleneck
WLD002,OP1022,2025-04-04 03:00:00,0.6219647133309586,11 belt-unfastened minute(s) this window,unclassified
WLD002,OP1023,2025-05-14 15:15:00,0.6231239907596027,idle ratio 73% vs your usual 28%; 11 belt-unfastened minute(s) this window,unclassified
WLD002,OP1024,2025-04-21 07:30:00,0.6109758119467498,idle ratio 100% vs your usual 12%,unclassified
WLD002,OP1024,2025-04-21 11:30:00,0.6220273899514227,8 belt-unfastened minute(s) this window,unclassified
WLD002,OP1024,2025-04-21 16:00:00,0.685970256110613,unusually low load-cycle throughput this window,unclassified
WLD002,OP1024,2025-05-06 07:30:00,0.6379204424619658,idle ratio 100% vs your usual 12%,unclassified
WLD002,OP1024,2025-05-06 08:45:00,0.6056898650452217,7 belt-unfastened minute(s) this window,unclassified
WLD002,OP1024,2025-05-06 13:00:00,0.6200814818906277,7 belt-unfastened minute(s) this window,unclassified
WLD002,OP1025,2025-03-17 09:30:00,0.6388365005783619,15 belt-unfastened minute(s) this window,unclassified
WLD002,OP1025,2025-03-17 09:45:00,0.6343060996964369,15 belt-unfastened minute(s) this window,unclassified
WLD002,OP1025,2025-06-13 08:00:00,0.6430501086754601,mildly elevated vs baseline: idle ratio 100% vs your usual 62%,operator_habit
WLD002,OP1025,2025-06-13 13:00:00,0.6546205554290737,13 belt-unfastened minute(s) this window,operator_habit
WLD002,OP1025,2025-06-13 13:15:00,0.6416584030501123,15 belt-unfastened minute(s) this window,unclassified
WLD002,OP1025,2025-06-13 13:30:00,0.6547789445683546,15 belt-unfastened minute(s) this window,unclassified
WLD002,OP1025,2025-06-13 13:45:00,0.6411794262363535,15 belt-unfastened minute(s) this window,unclassified
WLD002,OP1025,2025-06-13 14:00:00,0.652236557241754,15 belt-unfastened minute(s) this window,unclassified
WLD002,OP1026,2025-03-23 02:15:00,0.642015420399513,15 belt-unfastened minute(s) this window,unclassified
WLD002,OP1026,2025-03-23 02:30:00,0.6392688748649903,15 belt-unfastened minute(s) this window,unclassified
WLD002,OP1026,2025-03-25 01:45:00,0.6203328725561509,11 belt-unfastened minute(s) this window,unclassified
WLD002,OP1026,2025-03-25 04:00:00,0.6455694162892875,mildly elevated vs baseline: idle ratio 100% vs your usual 62%,unclassified
WLD002,OP1026,2025-04-27 20:45:00,0.6457736283603084,15 belt-unfastened minute(s) this window,unclassified
WLD002,OP1026,2025-04-27 21:00:00,0.6410841030494524,15 belt-unfastened minute(s) this window,unclassified
WLD002,OP1026,2025-04-27 21:15:00,0.6438716828620302,15 belt-unfastened minute(s) this window,unclassified
WLD002,OP1026,2025-04-27 21:30:00,0.6372234858226731,15 belt-unfastened minute(s) this window,unclassified
WLD002,OP1026,2025-04-27 21:45:00,0.6368705312325063,12 belt-unfastened minute(s) this window,unclassified
WLD002,OP1026,2025-04-27 22:15:00,0.6353182030726542,15 belt-unfastened minute(s) this window,unclassified
WLD002,OP1026,2025-04-27 22:30:00,0.6467243240610606,15 belt-unfastened minute(s) this window,unclassified
WLD002,OP1026,2025-04-28 01:00:00,0.6391352021150778,15 belt-unfastened minute(s) this window,unclassified
WLD002,OP1026,2025-04-28 01:15:00,0.6467243240610606,15 belt-unfastened minute(s) this window,unclassified
WLD002,OP1026,2025-04-28 01:30:00,0.6718851955774015,14 belt-unfastened minute(s) this window,unclassified
WLD002,OP1026,2025-04-28 02:00:00,0.6496059340033007,13 belt-unfastened minute(s) this window,unclassified
WLD002,OP1026,2025-04-28 03:45:00,0.6410013003679039,15 belt-unfastened minute(s) this window,unclassified
WLD002,OP1027,2025-04-05 07:30:00,0.6349928341711673,idle ratio 100% vs your usual 33%,unclassified
WLD002,OP1027,2025-04-05 09:00:00,0.6539636952973883,idle ratio 100% vs your usual 33%; 15 belt-unfastened minute(s) this window,unclassified
WLD002,OP1027,2025-04-05 09:15:00,0.6416584030501123,idle ratio 100% vs your usual 33%; 15 belt-unfastened minute(s) this window,unclassified
WLD002,OP1027,2025-04-05 09:30:00,0.6315485080670848,idle ratio 100% vs your usual 33%; 15 belt-unfastened minute(s) this window,unclassified
WLD002,OP1027,2025-04-05 09:45:00,0.6406448469589231,idle ratio 100% vs your usual 33%; 15 belt-unfastened minute(s) this window,unclassified
WLD002,OP1027,2025-04-05 10:00:00,0.6351033156212232,idle ratio 100% vs your usual 33%; 15 belt-unfastened minute(s) this window,unclassified
WLD002,OP1027,2025-04-05 11:45:00,0.6405919947284255,idle ratio 87% vs your usual 33%; 13 belt-unfastened minute(s) this window,unclassified
WLD002,OP1027,2025-04-05 17:00:00,0.6350174348033853,unusually low load-cycle throughput this window,unclassified
WLD002,OP1027,2025-04-17 14:15:00,0.6319723683617866,12 belt-unfastened minute(s) this window,unclassified
WLD002,OP1027,2025-04-17 14:45:00,0.6422650339030344,idle ratio 87% vs your usual 33%; 13 belt-unfastened minute(s) this window,site_bottleneck
WLD002,OP1027,2025-05-24 12:45:00,0.634603549526833,idle ratio 100% vs your usual 33%; 15 belt-unfastened minute(s) this window,unclassified
WLD002,OP1028,2025-05-09 17:30:00,0.6767440964993207,unusually low load-cycle throughput this window,unclassified
WLD002,OP1029,2025-05-11 10:45:00,0.6393117882529027,11 belt-unfastened minute(s) this window,unclassified
WLD002,OP1029,2025-05-11 12:45:00,0.641007527444442,idle ratio 100% vs your usual 31%; 15 belt-unfastened minute(s) this window,unclassified
WLD002,OP1029,2025-05-11 13:00:00,0.6410013003679039,idle ratio 100% vs your usual 31%; 15 belt-unfastened minute(s) this window,unclassified
WLD002,OP1029,2025-05-11 13:15:00,0.642015420399513,idle ratio 100% vs your usual 31%; 15 belt-unfastened minute(s) this window,unclassified
WLD002,OP1029,2025-05-11 13:45:00,0.6359166712659189,11 belt-unfastened minute(s) this window,unclassified
WLD002,OP1029,2025-05-11 15:45:00,0.6258194609122796,11 belt-unfastened minute(s) this window,site_bottleneck
WLD002,OP1029,2025-06-06 11:30:00,0.5977647900266825,10 belt-unfastened minute(s) this window,site_bottleneck
WLD002,OP1029,2025-06-06 14:00:00,0.6229432343269976,11 belt-unfastened minute(s) this window,site_bottleneck
WLD002,OP1029,2025-06-06 16:15:00,0.6742877391027176,unusually low load-cycle throughput this window,unclassified
WLD002,OP1030,2025-05-26 11:00:00,0.629292117878611,11 belt-unfastened minute(s) this window,operator_habit
WLD002,OP1030,2025-05-26 15:30:00,0.64818758526264,idle ratio 100% vs your usual 32%; 15 belt-unfastened minute(s) this window,unclassified
WLD002,OP1031,2025-04-14 09:00:00,0.6082395338847734,unusually fast swing rate (rushing pattern),site_bottleneck
WLD002,OP1031,2025-04-19 08:00:00,0.6231190925868723,idle ratio 100% vs your usual 13%,unclassified
WLD002,OP1031,2025-05-12 08:00:00,0.6434598822745559,idle ratio 100% vs your usual 13%,unclassified
WLD002,OP1033,2025-03-30 10:15:00,0.62538541814287,idle ratio 80% vs your usual 30%; 12 belt-unfastened minute(s) this window,operator_habit
WLD002,OP1033,2025-03-30 10:30:00,0.6342444923962997,idle ratio 100% vs your usual 30%; 15 belt-unfastened minute(s) this window,unclassified
WLD002,OP1033,2025-03-30 10:45:00,0.6419853257010851,idle ratio 100% vs your usual 30%; 15 belt-unfastened minute(s) this window,unclassified
WLD002,OP1033,2025-03-30 11:00:00,0.6481031743810072,idle ratio 100% vs your usual 30%; 15 belt-unfastened minute(s) this window,unclassified
WLD002,OP1033,2025-03-30 11:15:00,0.6395356834366981,idle ratio 100% vs your usual 30%; 15 belt-unfastened minute(s) this window,unclassified
WLD002,OP1033,2025-04-02 10:45:00,0.6697641869617099,idle ratio 93% vs your usual 30%; 14 belt-unfastened minute(s) this window,site_bottleneck
WLD002,OP1034,2025-06-05 07:30:00,0.6010404209342826,idle ratio 100% vs your usual 14%,unclassified
WLD002,OP1035,2025-05-02 08:30:00,0.6359633017688691,idle ratio 100% vs your usual 33%; 15 belt-unfastened minute(s) this window,unclassified
WLD002,OP1035,2025-05-02 08:45:00,0.6414351398240458,idle ratio 100% vs your usual 33%; 15 belt-unfastened minute(s) this window,unclassified
WLD002,OP1035,2025-05-02 09:00:00,0.6346737587417568,idle ratio 100% vs your usual 33%; 15 belt-unfastened minute(s) this window,unclassified
WLD002,OP1035,2025-05-02 09:15:00,0.6410013003679039,idle ratio 100% vs your usual 33%; 15 belt-unfastened minute(s) this window,unclassified
WLD002,OP1035,2025-05-02 09:30:00,0.6334186170717951,idle ratio 100% vs your usual 33%; 15 belt-unfastened minute(s) this window,unclassified
WLD002,OP1035,2025-05-02 14:30:00,0.6707181625429905,idle ratio 93% vs your usual 33%; 14 belt-unfastened minute(s) this window,unclassified
WLD002,OP1035,2025-05-02 16:45:00,0.6397520705814864,idle ratio 100% vs your usual 33%; 15 belt-unfastened minute(s) this window,unclassified
WLD002,OP1035,2025-06-02 08:00:00,0.6453510615090888,idle ratio 100% vs your usual 33%,unclassified
WLD002,OP1035,2025-06-02 13:15:00,0.6307698161248401,11 belt-unfastened minute(s) this window,unclassified
WLD002,OP1035,2025-06-02 15:00:00,0.6399949994687291,idle ratio 100% vs your usual 33%; 15 belt-unfastened minute(s) this window,unclassified
WLD002,OP1036,2025-05-17 16:15:00,0.6824995865109686,unusually low load-cycle throughput this window,unclassified
WLD002,OP1038,2025-04-09 16:15:00,0.6588524019463421,unusually low load-cycle throughput this window,unclassified
WLD002,OP1039,2025-03-19 08:00:00,0.6150614034367575,idle ratio 100% vs your usual 31%,unclassified
WLD002,OP1040,2025-05-22 07:45:00,0.6462249240124257,idle ratio 100% vs your usual 14%,operator_habit
WLD003,OP1002,2025-04-22 14:15:00,0.6538836900107383,15 belt-unfastened minute(s) this window,unclassified
WLD003,OP1002,2025-06-08 08:15:00,0.6472178261481224,15 belt-unfastened minute(s) this window,unclassified
WLD003,OP1002,2025-06-08 08:30:00,0.6519127419337174,12 belt-unfastened minute(s) this window,unclassified
WLD003,OP1002,2025-06-08 09:30:00,0.6563181317184624,15 belt-unfastened minute(s) this window,unclassified
WLD003,OP1002,2025-06-08 09:45:00,0.6521270534231821,15 belt-unfastened minute(s) this window,unclassified
WLD003,OP1002,2025-06-08 10:15:00,0.5978228326435018,10 belt-unfastened minute(s) this window,site_bottleneck
WLD003,OP1003,2025-04-06 19:45:00,0.6073477176161631,idle ratio 100% vs your usual 28%,unclassified
WLD003,OP1003,2025-05-11 04:30:00,0.6164126920822468,7 belt-unfastened minute(s) this window; high fuel per cycle vs your baseline,unclassified
WLD003,OP1003,2025-05-11 04:45:00,0.6197067770096493,7 belt-unfastened minute(s) this window; high fuel per cycle vs your baseline,unclassified
WLD003,OP1003,2025-05-25 20:15:00,0.6209321226332164,idle ratio 100% vs your usual 28%,unclassified
WLD003,OP1005,2025-05-19 16:30:00,0.6162971137873149,unusually low load-cycle throughput this window,unclassified
WLD003,OP1006,2025-04-03 08:00:00,0.6221887457930623,idle ratio 100% vs your usual 15%,unclassified
WLD003,OP1006,2025-04-24 07:15:00,0.5970774546879737,idle ratio 100% vs your usual 15%,unclassified
WLD003,OP1007,2025-06-05 08:00:00,0.6227165391705016,mildly elevated vs baseline: idle ratio 100% vs your usual 59%,site_bottleneck
WLD003,OP1007,2025-06-05 08:30:00,0.669415012809524,14 belt-unfastened minute(s) this window,unclassified
WLD003,OP1007,2025-06-05 08:45:00,0.6626770605013692,12 belt-unfastened minute(s) this window; high fuel per cycle vs your baseline,unclassified
WLD003,OP1007,2025-06-05 14:30:00,0.6486136540151572,15 belt-unfastened minute(s) this window,unclassified
WLD003,OP1009,2025-06-13 15:00:00,0.6785902132300184,unusually low load-cycle throughput this window,unclassified
WLD003,OP1011,2025-04-07 08:00:00,0.61167983297916,idle ratio 100% vs your usual 14%,site_bottleneck
WLD003,OP1011,2025-05-17 07:30:00,0.6432354041259468,idle ratio 100% vs your usual 14%,unclassified
WLD003,OP1012,2025-04-18 15:30:00,0.6806698367684899,unusually low load-cycle throughput this window,unclassified
WLD003,OP1013,2025-04-16 09:30:00,0.6482585350046967,idle ratio 100% vs your usual 13%; 15 belt-unfastened minute(s) this window,unclassified
WLD003,OP1013,2025-04-16 09:45:00,0.6371804515972856,idle ratio 100% vs your usual 13%; 15 belt-unfastened minute(s) this window,unclassified
WLD003,OP1013,2025-04-16 10:00:00,0.644958196461644,idle ratio 100% vs your usual 13%; 15 belt-unfastened minute(s) this window,unclassified
WLD003,OP1013,2025-04-16 10:15:00,0.6480392706678938,idle ratio 100% vs your usual 13%; 15 belt-unfastened minute(s) this window,unclassified
WLD003,OP1013,2025-04-16 10:30:00,0.642080251608622,idle ratio 100% vs your usual 13%; 15 belt-unfastened minute(s) this window,unclassified
WLD003,OP1015,2025-03-25 08:00:00,0.600586519067019,idle ratio 83% vs your usual 33%; 5 belt-unfastened minute(s) this window,unclassified
WLD003,OP1015,2025-03-30 11:00:00,0.6716579398547833,idle ratio 93% vs your usual 33%; 14 belt-unfastened minute(s) this window,unclassified
WLD003,OP1015,2025-05-05 11:15:00,0.6470143942307369,11 belt-unfastened minute(s) this window; high fuel per cycle vs your baseline,operator_habit
WLD003,OP1015,2025-05-05 11:30:00,0.6461971437485907,idle ratio 100% vs your usual 33%; 15 belt-unfastened minute(s) this window,unclassified
WLD003,OP1015,2025-05-05 11:45:00,0.6547041293946659,idle ratio 100% vs your usual 33%; 15 belt-unfastened minute(s) this window,unclassified
WLD003,OP1015,2025-05-05 12:00:00,0.6467967914895251,idle ratio 100% vs your usual 33%; 15 belt-unfastened minute(s) this window,unclassified
WLD003,OP1015,2025-05-05 12:15:00,0.6465780215669182,idle ratio 100% vs your usual 33%; 15 belt-unfastened minute(s) this window,unclassified
WLD003,OP1016,2025-05-26 07:45:00,0.6058488026256631,mildly elevated vs baseline: idle ratio 100% vs your usual 59%,site_bottleneck
WLD003,OP1016,2025-05-28 12:30:00,0.6427596298905042,15 belt-unfastened minute(s) this window,unclassified
WLD003,OP1016,2025-05-28 12:45:00,0.6446232524884634,15 belt-unfastened minute(s) this window,unclassified
WLD003,OP1016,2025-05-28 13:00:00,0.6723061980041362,14 belt-unfastened minute(s) this window,unclassified
WLD003,OP1017,2025-03-17 10:00:00,0.6603551380341635,7 belt-unfastened minute(s) this window; high fuel per cycle vs your baseline,unclassified
WLD003,OP1017,2025-04-25 08:00:00,0.598848288518398,idle ratio 100% vs your usual 12%,unclassified
WLD003,OP1017,2025-04-25 11:15:00,0.6510279876546646,8 belt-unfastened minute(s) this window; high fuel per cycle vs your baseline,unclassified
WLD003,OP1017,2025-04-25 13:00:00,0.649829104547416,7 belt-unfastened minute(s) this window; high fuel per cycle vs your baseline,unclassified
WLD003,OP1018,2025-06-09 14:00:00,0.6369881228290362,idle ratio 80% vs your usual 33%; 12 belt-unfastened minute(s) this window,site_bottleneck
WLD003,OP1018,2025-06-09 15:00:00,0.6134498165493623,unusually low load-cycle throughput this window,unclassified
WLD003,OP1019,2025-06-14 08:15:00,0.6037801675601421,idle ratio 100% vs your usual 15%,unclassified
WLD003,OP1020,2025-03-22 09:30:00,0.6599261346371728,11 belt-unfastened minute(s) this window; high fuel per cycle vs your baseline,unclassified
WLD003,OP1020,2025-03-22 13:30:00,0.6418116361641573,idle ratio 87% vs your usual 30%; 13 belt-unfastened minute(s) this window,unclassified
WLD003,OP1020,2025-03-22 14:00:00,0.6431186198139419,idle ratio 100% vs your usual 30%; 15 belt-unfastened minute(s) this window,unclassified
WLD003,OP1023,2025-04-30 08:00:00,0.6243851586087272,idle ratio 100% vs your usual 28%,unclassified
WLD003,OP1025,2025-03-27 07:30:00,0.6085641587522489,mildly elevated vs baseline: idle ratio 100% vs your usual 62%,unclassified
WLD003,OP1025,2025-04-01 10:15:00,0.671397066902307,14 belt-unfastened minute(s) this window,site_bottleneck
WLD003,OP1025,2025-04-01 12:30:00,0.5982377685105568,high fuel per cycle vs your baseline,unclassified
WLD003,OP1025,2025-04-01 15:30:00,0.6467671558223093,15 belt-unfastened minute(s) this window,unclassified
WLD003,OP1025,2025-04-26 15:15:00,0.6475924704451661,13 belt-unfastened minute(s) this window,site_bottleneck
WLD003,OP1025,2025-04-26 15:30:00,0.6305455153023773,mildly elevated vs baseline: idle ratio 100% vs your usual 62%,unclassified
WLD003,OP1025,2025-05-30 15:15:00,0.6707160254470902,14 belt-unfastened minute(s) this window,operator_habit
WLD003,OP1025,2025-05-30 15:30:00,0.6396649918782272,15 belt-unfastened minute(s) this window,unclassified
WLD003,OP1026,2025-03-18 20:00:00,0.6246034358622572,mildly elevated vs baseline: idle ratio 100% vs your usual 62%,unclassified
WLD003,OP1026,2025-03-18 23:00:00,0.6497309805505265,15 belt-unfastened minute(s) this window,unclassified
WLD003,OP1026,2025-03-18 23:15:00,0.6476083388170435,15 belt-unfastened minute(s) this window,unclassified
WLD003,OP1026,2025-03-19 02:15:00,0.6401715999033306,13 belt-unfastened minute(s) this window,site_bottleneck
WLD003,OP1026,2025-03-19 05:00:00,0.6925178667680142,unusually low load-cycle throughput this window,unclassified
WLD003,OP1026,2025-04-05 20:15:00,0.6453510615090888,mildly elevated vs baseline: idle ratio 100% vs your usual 62%,unclassified
WLD003,OP1026,2025-04-05 23:15:00,0.6486136540151572,15 belt-unfastened minute(s) this window,unclassified
WLD003,OP1026,2025-04-12 22:30:00,0.6534284600063567,11 belt-unfastened minute(s) this window; high fuel per cycle vs your baseline,unclassified
WLD003,OP1026,2025-04-12 23:45:00,0.6426239681534581,12 belt-unfastened minute(s) this window,unclassified
WLD003,OP1026,2025-04-13 00:30:00,0.642080251608622,15 belt-unfastened minute(s) this window,unclassified
WLD003,OP1026,2025-05-27 20:00:00,0.6425906993968532,14 belt-unfastened minute(s) this window,operator_habit
WLD003,OP1026,2025-05-27 20:15:00,0.6421512880067278,15 belt-unfastened minute(s) this window,unclassified
WLD003,OP1026,2025-05-27 20:30:00,0.6433362192466333,15 belt-unfastened minute(s) this window,unclassified
WLD003,OP1026,2025-05-27 21:15:00,0.6497309805505265,15 belt-unfastened minute(s) this window,unclassified
WLD003,OP1026,2025-05-27 21:30:00,0.642080251608622,15 belt-unfastened minute(s) this window,unclassified
WLD003,OP1026,2025-05-27 21:45:00,0.6507665325704577,13 belt-unfastened minute(s) this window,unclassified
WLD003,OP1026,2025-06-10 19:45:00,0.6451327805843251,mildly elevated vs baseline: idle ratio 100% vs your usual 62%,operator_habit
WLD003,OP1027,2025-03-20 10:00:00,0.6535596113607882,idle ratio 87% vs your usual 33%; 13 belt-unfastened minute(s) this window,site_bottleneck
WLD003,OP1027,2025-03-20 13:15:00,0.6432576243380103,11 belt-unfastened minute(s) this window; high fuel per cycle vs your baseline,operator_habit
WLD003,OP1027,2025-03-24 08:15:00,0.6429294314340771,12 belt-unfastened minute(s) this window,site_bottleneck
WLD003,OP1027,2025-03-24 13:30:00,0.6201271326665563,high fuel per cycle vs your baseline,unclassified
WLD003,OP1027,2025-05-03 09:30:00,0.6271301518239745,9 belt-unfastened minute(s) this window; high fuel per cycle vs your baseline,unclassified
WLD003,OP1027,2025-05-03 12:30:00,0.6180325291335831,high fuel per cycle vs your baseline,unclassified
WLD003,OP1027,2025-05-03 14:45:00,0.6479086310374512,11 belt-unfastened minute(s) this window; high fuel per cycle vs your baseline,unclassified
WLD003,OP1027,2025-05-07 08:15:00,0.6151629557042283,idle ratio 83% vs your usual 33%,unclassified
WLD003,OP1027,2025-05-07 12:30:00,0.6279334207272061,high fuel per cycle vs your baseline,unclassified
WLD003,OP1027,2025-06-07 07:30:00,0.6429264234301694,idle ratio 100% vs your usual 33%,unclassified
WLD003,OP1027,2025-06-07 08:15:00,0.6712036589817088,idle ratio 93% vs your usual 33%; 14 belt-unfastened minute(s) this window,unclassified
WLD003,OP1027,2025-06-07 09:15:00,0.6496360555927676,11 belt-unfastened minute(s) this window; high fuel per cycle vs your baseline,operator_habit
WLD003,OP1027,2025-06-07 10:45:00,0.6482585350046967,idle ratio 100% vs your usual 33%; 15 belt-unfastened minute(s) this window,unclassified
WLD003,OP1027,2025-06-07 14:00:00,0.6423703502849936,11 belt-unfastened minute(s) this window; high fuel per cycle vs your baseline,operator_habit
WLD003,OP1028,2025-05-14 15:45:00,0.6560532052551886,unusually low load-cycle throughput this window,unclassified
WLD003,OP1029,2025-05-01 10:30:00,0.6536625230443283,idle ratio 100% vs your usual 31%; 15 belt-unfastened minute(s) this window,unclassified
WLD003,OP1029,2025-05-01 12:00:00,0.6453496043618204,11 belt-unfastened minute(s) this window; high fuel per cycle vs your baseline,operator_habit
WLD003,OP1029,2025-05-01 16:15:00,0.6172259333352847,idle ratio 88% vs your usual 31%,site_bottleneck
WLD003,OP1029,2025-05-21 11:45:00,0.6463309814900067,idle ratio 80% vs your usual 31%; 12 belt-unfastened minute(s) this window,site_bottleneck
WLD003,OP1029,2025-05-21 12:45:00,0.6521127508325804,idle ratio 80% vs your usual 31%; 12 belt-unfastened minute(s) this window,site_bottleneck
WLD003,OP1030,2025-04-08 14:45:00,0.6446325366254604,idle ratio 87% vs your usual 32%; 13 belt-unfastened minute(s) this window,unclassified
WLD003,OP1030,2025-04-09 07:45:00,0.6504911474736662,idle ratio 100% vs your usual 32%,unclassified
WLD003,OP1030,2025-04-09 12:00:00,0.6421878388449036,idle ratio 80% vs your usual 32%; 12 belt-unfastened minute(s) this window,unclassified
WLD003,OP1030,2025-05-13 07:30:00,0.6553607257293429,idle ratio 100% vs your usual 32%,unclassified
WLD003,OP1030,2025-05-13 14:00:00,0.6144498765379122,high fuel per cycle vs your baseline,unclassified
WLD003,OP1030,2025-05-13 15:30:00,0.6607053422942124,idle ratio 87% vs your usual 32%; 13 belt-unfastened minute(s) this window,site_bottleneck
WLD003,OP1031,2025-05-20 15:00:00,0.6398284543973021,unusually low load-cycle throughput this window,unclassified
WLD003,OP1031,2025-05-23 07:45:00,0.6460063475159543,idle ratio 100% vs your usual 13%,site_bottleneck
WLD003,OP1031,2025-05-23 12:30:00,0.6699605041969213,9 belt-unfastened minute(s) this window; high fuel per cycle vs your baseline,unclassified
WLD003,OP1031,2025-05-31 11:00:00,0.6634700148661016,10 belt-unfastened minute(s) this window; high fuel per cycle vs your baseline,unclassified
WLD003,OP1032,2025-05-18 19:45:00,0.5974837302764691,idle ratio 83% vs your usual 15%,unclassified
WLD003,OP1035,2025-03-29 12:45:00,0.6418782657568705,idle ratio 100% vs your usual 33%; 15 belt-unfastened minute(s) this window,unclassified
WLD003,OP1035,2025-03-29 16:30:00,0.651437875144954,high fuel per cycle vs your baseline,unclassified
WLD003,OP1035,2025-04-15 13:30:00,0.6379984871998274,idle ratio 100% vs your usual 33%; 15 belt-unfastened minute(s) this window,unclassified
WLD003,OP1035,2025-04-15 13:45:00,0.6508693252039719,idle ratio 100% vs your usual 33%; 15 belt-unfastened minute(s) this window,unclassified
WLD003,OP1035,2025-04-15 14:00:00,0.6372554649156821,idle ratio 100% vs your usual 33%; 15 belt-unfastened minute(s) this window,unclassified
WLD003,OP1035,2025-04-15 14:15:00,0.6504291048659602,idle ratio 100% vs your usual 33%; 15 belt-unfastened minute(s) this window,unclassified
WLD003,OP1035,2025-04-15 14:30:00,0.644256043368005,idle ratio 100% vs your usual 33%; 15 belt-unfastened minute(s) this window,unclassified
WLD003,OP1035,2025-04-21 07:45:00,0.621664125760629,idle ratio 100% vs your usual 33%,unclassified
WLD003,OP1035,2025-04-21 08:30:00,0.6438348922687593,11 belt-unfastened minute(s) this window; high fuel per cycle vs your baseline,site_bottleneck
WLD003,OP1035,2025-04-21 09:45:00,0.6407468708858022,idle ratio 100% vs your usual 33%; 15 belt-unfastened minute(s) this window,unclassified
WLD003,OP1035,2025-04-21 14:00:00,0.6377315104337478,idle ratio 100% vs your usual 33%; 15 belt-unfastened minute(s) this window,operator_habit
WLD003,OP1035,2025-05-24 07:45:00,0.6121922505303212,idle ratio 100% vs your usual 33%,unclassified
WLD003,OP1035,2025-05-24 10:45:00,0.6467967914895251,idle ratio 100% vs your usual 33%; 15 belt-unfastened minute(s) this window,unclassified
WLD003,OP1035,2025-05-24 12:45:00,0.6535780914907822,idle ratio 80% vs your usual 33%; 12 belt-unfastened minute(s) this window; high fuel per cycle vs your baseline,operator_habit
WLD003,OP1035,2025-05-24 13:00:00,0.6436827161119173,idle ratio 100% vs your usual 33%; 15 belt-unfastened minute(s) this window,unclassified
WLD003,OP1035,2025-05-24 13:15:00,0.6414441265891884,idle ratio 100% vs your usual 33%; 15 belt-unfastened minute(s) this window,unclassified
WLD003,OP1035,2025-05-24 13:30:00,0.6479559708493866,idle ratio 80% vs your usual 33%; 12 belt-unfastened minute(s) this window,unclassified
WLD003,OP1037,2025-06-03 19:45:00,0.6335751977966246,idle ratio 100% vs your usual 14%,unclassified
WLD003,OP1037,2025-06-04 03:00:00,0.5975605554908067,unusually low load-cycle throughput this window,unclassified
WLD003,OP1038,2025-05-16 07:45:00,0.6092223204608079,idle ratio 100% vs your usual 15%,unclassified
WLD003,OP1040,2025-05-15 07:30:00,0.6320543104483176,idle ratio 100% vs your usual 14%,unclassified
WLD003,OP1040,2025-06-01 08:15:00,0.6204839879414621,idle ratio 100% vs your usual 14%,unclassified
WLD004,OP1001,2025-03-21 08:00:00,0.6576940982275546,idle ratio 100% vs your usual 33%,unclassified
WLD004,OP1001,2025-03-21 12:30:00,0.6053879405687651,high fuel per cycle vs your baseline,site_bottleneck
WLD004,OP1001,2025-03-21 13:30:00,0.6389584461411427,idle ratio 100% vs your usual 33%; 15 belt-unfastened minute(s) this window,unclassified
WLD004,OP1001,2025-03-21 14:30:00,0.685018186990491,idle ratio 93% vs your usual 33%; 14 belt-unfastened minute(s) this window,operator_habit
WLD004,OP1001,2025-05-16 09:30:00,0.6001944956254407,idle ratio 87% vs your usual 33%; high fuel per cycle vs your baseline,unclassified
WLD004,OP1001,2025-05-16 15:00:00,0.6178689966267529,high fuel per cycle vs your baseline,unclassified
WLD004,OP1001,2025-05-16 15:15:00,0.6165851024587751,high fuel per cycle vs your baseline,unclassified
WLD004,OP1002,2025-03-27 08:30:00,0.6383154193261532,15 belt-unfastened minute(s) this window,unclassified
WLD004,OP1002,2025-03-27 08:45:00,0.640614202885796,15 belt-unfastened minute(s) this window,unclassified
WLD004,OP1002,2025-03-27 09:00:00,0.6322105430120344,15 belt-unfastened minute(s) this window,unclassified
WLD004,OP1002,2025-03-27 09:15:00,0.6459458461167059,15 belt-unfastened minute(s) this window,unclassified
WLD004,OP1002,2025-03-27 09:30:00,0.6357116307595658,15 belt-unfastened minute(s) this window,unclassified
WLD004,OP1002,2025-03-27 15:15:00,0.6451110925428518,15 belt-unfastened minute(s) this window,unclassified
WLD004,OP1002,2025-04-02 08:30:00,0.5973391174550147,high fuel per cycle vs your baseline,unclassified
WLD004,OP1002,2025-04-02 13:15:00,0.644340427898484,15 belt-unfastened minute(s) this window,unclassified
WLD004,OP1002,2025-04-02 15:15:00,0.6014466704488965,high fuel per cycle vs your baseline,unclassified
WLD004,OP1002,2025-04-02 16:15:00,0.6850763831368879,14 belt-unfastened minute(s) this window,unclassified
WLD004,OP1002,2025-05-15 07:45:00,0.6024380849208487,high fuel per cycle vs your baseline,operator_habit
WLD004,OP1002,2025-05-15 09:15:00,0.6078025021788176,high fuel per cycle vs your baseline,operator_habit
WLD004,OP1002,2025-05-15 09:45:00,0.618496377492322,high fuel per cycle vs your baseline,operator_habit
WLD004,OP1002,2025-05-15 13:30:00,0.6046005671601231,high fuel per cycle vs your baseline,operator_habit
WLD004,OP1002,2025-05-15 16:45:00,0.6063651304336862,mildly elevated vs baseline: idle ratio 100% vs your usual 61%,unclassified
WLD004,OP1002,2025-05-19 08:00:00,0.6194597221641887,high fuel per cycle vs your baseline,unclassified
WLD004,OP1002,2025-05-19 10:00:00,0.6046382716548864,high fuel per cycle vs your baseline,site_bottleneck
WLD004,OP1002,2025-05-19 11:15:00,0.6031203644036459,high fuel per cycle vs your baseline,unclassified
WLD004,OP1002,2025-05-19 14:15:00,0.5977120450467294,mildly elevated vs baseline: high fuel per cycle vs your baseline,unclassified
WLD004,OP1002,2025-06-09 10:30:00,0.6182894305697034,high fuel per cycle vs your baseline,unclassified
WLD004,OP1002,2025-06-09 12:45:00,0.6381244259836883,15 belt-unfastened minute(s) this window,unclassified
WLD004,OP1002,2025-06-09 13:00:00,0.6341383287354935,15 belt-unfastened minute(s) this window,unclassified
WLD004,OP1002,2025-06-09 13:15:00,0.6366479643634889,15 belt-unfastened minute(s) this window,unclassified
WLD004,OP1002,2025-06-09 14:45:00,0.6376180933765893,15 belt-unfastened minute(s) this window,unclassified
WLD004,OP1003,2025-05-30 20:00:00,0.6113760089149918,idle ratio 100% vs your usual 28%,unclassified
WLD004,OP1003,2025-05-31 00:30:00,0.6001318825891002,high fuel per cycle vs your baseline,site_bottleneck
WLD004,OP1004,2025-03-24 08:00:00,0.6115638790876636,idle ratio 100% vs your usual 14%,unclassified
WLD004,OP1008,2025-04-24 07:45:00,0.6103369953992547,mildly elevated vs baseline: 5 belt-unfastened minute(s) this window,operator_habit
WLD004,OP1008,2025-04-30 07:30:00,0.6460063475159543,mildly elevated vs baseline: idle ratio 100% vs your usual 60%,unclassified
WLD004,OP1008,2025-04-30 08:00:00,0.6407910546001346,15 belt-unfastened minute(s) this window,unclassified
WLD004,OP1008,2025-04-30 08:15:00,0.6319523677188128,15 belt-unfastened minute(s) this window,unclassified
WLD004,OP1008,2025-04-30 08:30:00,0.6350667873495278,15 belt-unfastened minute(s) this window,unclassified
WLD004,OP1008,2025-04-30 08:45:00,0.6386020373651411,15 belt-unfastened minute(s) this window,unclassified
WLD004,OP1008,2025-04-30 09:00:00,0.6343344416372535,15 belt-unfastened minute(s) this window,unclassified
WLD004,OP1008,2025-04-30 09:15:00,0.6750939732098232,11 belt-unfastened minute(s) this window; high fuel per cycle vs your baseline,unclassified
WLD004,OP1008,2025-04-30 09:45:00,0.6694574942951543,11 belt-unfastened minute(s) this window; high fuel per cycle vs your baseline,operator_habit
WLD004,OP1008,2025-04-30 10:00:00,0.6403266103273644,15 belt-unfastened minute(s) this window,unclassified
WLD004,OP1008,2025-04-30 12:15:00,0.6178689966267529,high fuel per cycle vs your baseline,site_bottleneck
WLD004,OP1008,2025-04-30 14:45:00,0.6055737186615688,high fuel per cycle vs your baseline,unclassified
WLD004,OP1008,2025-04-30 16:30:00,0.6872321089353006,unusually low load-cycle throughput this window,unclassified
WLD004,OP1008,2025-05-24 08:45:00,0.6447174794871102,high fuel per cycle vs your baseline,unclassified
WLD004,OP1008,2025-05-24 11:00:00,0.6711052877189744,13 belt-unfastened minute(s) this window,operator_habit
WLD004,OP1008,2025-05-24 12:00:00,0.6119526814859929,high fuel per cycle vs your baseline,unclassified
WLD004,OP1008,2025-05-24 12:30:00,0.6065373007245314,high fuel per cycle vs your baseline,unclassified
WLD004,OP1008,2025-05-27 11:00:00,0.6149587201283977,high fuel per cycle vs your baseline,unclassified
WLD004,OP1008,2025-05-28 10:15:00,0.6795570439137582,13 belt-unfastened minute(s) this window,site_bottleneck
WLD004,OP1008,2025-05-28 10:30:00,0.6451110925428518,15 belt-unfastened minute(s) this window,unclassified
WLD004,OP1008,2025-05-28 10:45:00,0.6387922566562538,15 belt-unfastened minute(s) this window,unclassified
WLD004,OP1008,2025-05-28 11:00:00,0.6394667610919497,15 belt-unfastened minute(s) this window,unclassified
WLD004,OP1011,2025-03-18 08:00:00,0.6146683607515676,idle ratio 100% vs your usual 14%,unclassified
WLD004,OP1012,2025-03-17 07:30:00,0.6273768620281981,idle ratio 100% vs your usual 15%,unclassified
WLD004,OP1013,2025-05-22 14:00:00,0.6220125152575189,high fuel per cycle vs your baseline,unclassified
WLD004,OP1013,2025-06-06 15:15:00,0.674693635494649,10 belt-unfastened minute(s) this window; high fuel per cycle vs your baseline,unclassified
WLD004,OP1013,2025-06-06 16:30:00,0.605115849263187,idle ratio 67% vs your usual 13%; unusually low load-cycle throughput this window,site_bottleneck
WLD004,OP1014,2025-05-17 19:30:00,0.6011783823722616,idle ratio 100% vs your usual 14%,unclassified
WLD004,OP1015,2025-04-04 09:00:00,0.6112663328937792,high fuel per cycle vs your baseline,unclassified
WLD004,OP1015,2025-04-04 11:15:00,0.6091352903493026,high fuel per cycle vs your baseline,site_bottleneck
WLD004,OP1015,2025-04-04 13:15:00,0.6064703943875412,high fuel per cycle vs your baseline,unclassified
WLD004,OP1015,2025-04-04 14:45:00,0.6149587201283977,high fuel per cycle vs your baseline,site_bottleneck
WLD004,OP1016,2025-04-21 15:30:00,0.6102638953331674,high fuel per cycle vs your baseline,site_bottleneck
WLD004,OP1016,2025-05-26 08:15:00,0.6128363025644088,high fuel per cycle vs your baseline,operator_habit
WLD004,OP1016,2025-05-26 10:15:00,0.6005301589561833,high fuel per cycle vs your baseline,operator_habit
WLD004,OP1016,2025-05-26 12:30:00,0.599551936346998,high fuel per cycle vs your baseline,site_bottleneck
WLD004,OP1016,2025-05-26 13:45:00,0.681093063553631,14 belt-unfastened minute(s) this window,operator_habit
WLD004,OP1016,2025-05-26 14:00:00,0.6393274519886505,15 belt-unfastened minute(s) this window,unclassified
WLD004,OP1016,2025-05-26 14:15:00,0.6388430445354509,15 belt-unfastened minute(s) this window,unclassified
WLD004,OP1017,2025-05-06 11:30:00,0.6104005998944466,high fuel per cycle vs your baseline,unclassified
WLD004,OP1017,2025-05-06 11:45:00,0.600417664109613,high fuel per cycle vs your baseline,unclassified
WLD004,OP1017,2025-05-12 10:00:00,0.6095118317859056,high fuel per cycle vs your baseline,unclassified
WLD004,OP1017,2025-05-13 09:45:00,0.615271010636033,high fuel per cycle vs your baseline,unclassified
WLD004,OP1017,2025-05-13 13:30:00,0.6079645155125268,5 belt-unfastened minute(s) this window; high fuel per cycle vs your baseline,unclassified
WLD004,OP1017,2025-05-13 15:00:00,0.6149368598241008,6 belt-unfastened minute(s) this window; high fuel per cycle vs your baseline,unclassified
WLD004,OP1017,2025-06-02 10:30:00,0.6843155277353591,11 belt-unfastened minute(s) this window; high fuel per cycle vs your baseline,unclassified
WLD004,OP1017,2025-06-02 15:30:00,0.5992150424913482,high fuel per cycle vs your baseline,site_bottleneck
WLD004,OP1018,2025-03-26 14:00:00,0.6673677070185084,11 belt-unfastened minute(s) this window; high fuel per cycle vs your baseline,site_bottleneck
WLD004,OP1018,2025-03-26 15:30:00,0.6149587201283977,high fuel per cycle vs your baseline,unclassified
WLD004,OP1018,2025-04-10 09:45:00,0.6383614470156184,idle ratio 100% vs your usual 33%; 15 belt-unfastened minute(s) this window,unclassified
WLD004,OP1018,2025-04-10 13:00:00,0.6826057695022548,idle ratio 87% vs your usual 33%; 13 belt-unfastened minute(s) this window; high fuel per cycle vs your baseline,unclassified
WLD004,OP1019,2025-04-01 10:15:00,0.6083115825814399,idle ratio 73% vs your usual 15%; high fuel per cycle vs your baseline,unclassified
WLD004,OP1019,2025-04-07 17:00:00,0.629753424193083,unusually low load-cycle throughput this window,unclassified
WLD004,OP1019,2025-06-10 07:45:00,0.6109758119467498,idle ratio 100% vs your usual 15%,unclassified
WLD004,OP1019,2025-06-12 07:45:00,0.6301718168690574,idle ratio 100% vs your usual 15%,site_bottleneck
WLD004,OP1022,2025-04-08 22:15:00,0.6209938063956495,high fuel per cycle vs your baseline,unclassified
WLD004,OP1022,2025-04-09 00:00:00,0.6662077141882736,13 belt-unfastened minute(s) this window,operator_habit
WLD004,OP1022,2025-04-09 00:15:00,0.6350667873495278,15 belt-unfastened minute(s) this window,unclassified
WLD004,OP1022,2025-05-20 19:45:00,0.6333608998922267,mildly elevated vs baseline: idle ratio 100% vs your usual 62%,unclassified
WLD004,OP1022,2025-05-20 20:30:00,0.6383154193261532,15 belt-unfastened minute(s) this window,unclassified
WLD004,OP1022,2025-05-20 20:45:00,0.6362173627492882,15 belt-unfastened minute(s) this window,unclassified
WLD004,OP1022,2025-05-20 21:00:00,0.6385761941550335,15 belt-unfastened minute(s) this window,unclassified
WLD004,OP1022,2025-05-20 21:15:00,0.6383103092763351,15 belt-unfastened minute(s) this window,unclassified
WLD004,OP1022,2025-05-20 21:30:00,0.6457661348865159,15 belt-unfastened minute(s) this window,unclassified
WLD004,OP1022,2025-05-21 01:30:00,0.6816770266666018,13 belt-unfastened minute(s) this window; high fuel per cycle vs your baseline,site_bottleneck
WLD004,OP1022,2025-05-21 01:45:00,0.6378836899163124,15 belt-unfastened minute(s) this window,unclassified
WLD004,OP1022,2025-05-21 02:00:00,0.6758887485735833,13 belt-unfastened minute(s) this window,unclassified
WLD004,OP1022,2025-05-21 03:00:00,0.6172544843597937,high fuel per cycle vs your baseline,unclassified
WLD004,OP1022,2025-05-21 04:00:00,0.6292906873320768,mildly elevated vs baseline: idle ratio 100% vs your usual 62%,operator_habit
WLD004,OP1023,2025-04-19 07:15:00,0.635937265659761,idle ratio 100% vs your usual 28%,unclassified
WLD004,OP1023,2025-04-19 12:00:00,0.6059601329367996,idle ratio 73% vs your usual 28%; high fuel per cycle vs your baseline,site_bottleneck
WLD004,OP1023,2025-06-13 07:00:00,0.6204839879414621,idle ratio 100% vs your usual 28%,unclassified
WLD004,OP1024,2025-03-20 07:45:00,0.5996838718888857,idle ratio 38% vs your usual 12%; 5 belt-unfastened minute(s) this window; high fuel per cycle vs your baseline,unclassified
WLD004,OP1024,2025-03-20 11:30:00,0.6116200037255834,4 belt-unfastened minute(s) this window; high fuel per cycle vs your baseline,unclassified
WLD004,OP1025,2025-04-15 08:00:00,0.6223642076812484,mildly elevated vs baseline: idle ratio 100% vs your usual 62%,unclassified
WLD004,OP1025,2025-04-15 08:30:00,0.6799419917121636,14 belt-unfastened minute(s) this window,unclassified
WLD004,OP1025,2025-04-15 08:45:00,0.6511027182697326,15 belt-unfastened minute(s) this window,unclassified
WLD004,OP1025,2025-04-15 09:00:00,0.6770348166886808,14 belt-unfastened minute(s) this window,unclassified
WLD004,OP1025,2025-04-15 10:00:00,0.6190900837755401,high fuel per cycle vs your baseline,site_bottleneck
WLD004,OP1025,2025-04-15 12:00:00,0.6104397434076425,high fuel per cycle vs your baseline,unclassified
WLD004,OP1025,2025-04-15 12:45:00,0.6081043226343935,high fuel per cycle vs your baseline,unclassified
WLD004,OP1025,2025-04-15 16:30:00,0.6486881465987742,high fuel per cycle vs your baseline,unclassified
WLD004,OP1025,2025-04-15 17:45:00,0.603186771806179,mildly elevated vs baseline: idle ratio 100% vs your usual 62%,unclassified
WLD004,OP1025,2025-05-05 07:45:00,0.6144375068874667,mildly elevated vs baseline: idle ratio 100% vs your usual 62%,unclassified
WLD004,OP1025,2025-05-05 10:15:00,0.6801720503469182,14 belt-unfastened minute(s) this window,operator_habit
WLD004,OP1025,2025-05-05 10:45:00,0.6714004542553142,12 belt-unfastened minute(s) this window; high fuel per cycle vs your baseline,operator_habit
WLD004,OP1025,2025-05-05 11:00:00,0.6378338317040423,15 belt-unfastened minute(s) this window,unclassified
WLD004,OP1025,2025-05-05 12:30:00,0.63435288968324,15 belt-unfastened minute(s) this window,unclassified
WLD004,OP1025,2025-05-05 13:15:00,0.6047237019737711,high fuel per cycle vs your baseline,operator_habit
WLD004,OP1025,2025-05-23 11:15:00,0.5970369548201705,high fuel per cycle vs your baseline,unclassified
WLD004,OP1025,2025-05-23 12:45:00,0.603515746860855,high fuel per cycle vs your baseline,unclassified
WLD004,OP1025,2025-05-23 15:30:00,0.5993197460585651,9 belt-unfastened minute(s) this window,unclassified
WLD004,OP1025,2025-05-23 15:45:00,0.6293689482367821,13 belt-unfastened minute(s) this window,unclassified
WLD004,OP1026,2025-04-23 19:30:00,0.6044221833144082,mildly elevated vs baseline: idle ratio 100% vs your usual 62%,unclassified
WLD004,OP1026,2025-04-24 00:45:00,0.6568567528187832,high fuel per cycle vs your baseline,unclassified
WLD004,OP1026,2025-04-29 00:00:00,0.6118519111202727,high fuel per cycle vs your baseline,unclassified
WLD004,OP1026,2025-04-29 01:45:00,0.6065373007245314,high fuel per cycle vs your baseline,unclassified
WLD004,OP1026,2025-05-08 19:30:00,0.6060455887900403,mildly elevated vs baseline: idle ratio 100% vs your usual 62%,unclassified
WLD004,OP1026,2025-05-08 22:00:00,0.6055502872669958,high fuel per cycle vs your baseline,unclassified
WLD004,OP1026,2025-05-08 23:45:00,0.6205455608788922,high fuel per cycle vs your baseline,site_bottleneck
WLD004,OP1027,2025-05-01 10:15:00,0.6722553148906089,11 belt-unfastened minute(s) this window; high fuel per cycle vs your baseline,operator_habit
WLD004,OP1027,2025-05-01 11:15:00,0.6004970852721815,high fuel per cycle vs your baseline,unclassified
WLD004,OP1027,2025-05-01 16:45:00,0.6471588257455462,idle ratio 100% vs your usual 33%; 10 belt-unfastened minute(s) this window,unclassified
WLD004,OP1028,2025-03-30 07:30:00,0.6075666936621263,idle ratio 100% vs your usual 13%,unclassified
WLD004,OP1028,2025-03-30 09:15:00,0.6033693019621472,5 belt-unfastened minute(s) this window; high fuel per cycle vs your baseline,unclassified
WLD004,OP1028,2025-03-30 15:00:00,0.597852699961732,high fuel per cycle vs your baseline,unclassified
WLD004,OP1028,2025-04-11 12:00:00,0.6188833250993035,high fuel per cycle vs your baseline,unclassified
WLD004,OP1028,2025-04-22 08:30:00,0.5998861879209103,3 belt-unfastened minute(s) this window; high fuel per cycle vs your baseline,unclassified
WLD004,OP1028,2025-05-21 07:45:00,0.6574638309324997,idle ratio 100% vs your usual 13%,operator_habit
WLD004,OP1028,2025-05-21 13:45:00,0.6162173708679904,5 belt-unfastened minute(s) this window; high fuel per cycle vs your baseline,unclassified
WLD004,OP1028,2025-05-25 11:30:00,0.6096475109799114,idle ratio 47% vs your usual 13%; 7 belt-unfastened minute(s) this window; high fuel per cycle vs your baseline,unclassified
WLD004,OP1029,2025-05-11 08:30:00,0.6114824998014964,high fuel per cycle vs your baseline,unclassified
WLD004,OP1029,2025-05-11 10:30:00,0.6743186780592294,11 belt-unfastened minute(s) this window; high fuel per cycle vs your baseline,unclassified
WLD004,OP1029,2025-05-11 14:30:00,0.6018537387282528,idle ratio 80% vs your usual 31%; high fuel per cycle vs your baseline,unclassified
WLD004,OP1030,2025-03-23 08:00:00,0.6538038618213561,idle ratio 100% vs your usual 32%,unclassified
WLD004,OP1030,2025-03-23 11:30:00,0.649346821063943,high fuel per cycle vs your baseline,unclassified
WLD004,OP1030,2025-03-23 11:45:00,0.6715015617506083,high fuel per cycle vs your baseline,unclassified
WLD004,OP1030,2025-03-23 13:15:00,0.6752523775411726,idle ratio 93% vs your usual 32%; 14 belt-unfastened minute(s) this window,unclassified
WLD004,OP1030,2025-03-23 14:45:00,0.6018042922991788,high fuel per cycle vs your baseline,unclassified
WLD004,OP1030,2025-03-23 16:00:00,0.6814961407977744,idle ratio 93% vs your usual 32%; 14 belt-unfastened minute(s) this window,unclassified
WLD004,OP1030,2025-04-16 10:15:00,0.6543554525838716,high fuel per cycle vs your baseline,unclassified
WLD004,OP1033,2025-03-19 10:00:00,0.6392444352621179,idle ratio 100% vs your usual 30%; 15 belt-unfastened minute(s) this window,unclassified
WLD004,OP1033,2025-03-19 13:00:00,0.6039370428022509,idle ratio 73% vs your usual 30%; high fuel per cycle vs your baseline,unclassified
WLD004,OP1033,2025-03-19 15:45:00,0.6012432395672387,idle ratio 80% vs your usual 30%; high fuel per cycle vs your baseline,unclassified
WLD004,OP1033,2025-03-19 16:30:00,0.6891469767146516,unusually low load-cycle throughput this window,unclassified
WLD004,OP1033,2025-06-04 11:00:00,0.6008296943427985,high fuel per cycle vs your baseline,unclassified
WLD004,OP1033,2025-06-04 12:30:00,0.6056314903040503,idle ratio 80% vs your usual 30%; high fuel per cycle vs your baseline,site_bottleneck
WLD004,OP1034,2025-04-12 08:00:00,0.6378131145156054,idle ratio 100% vs your usual 14%,unclassified
WLD004,OP1034,2025-04-12 16:15:00,0.6623573735159554,unusually low load-cycle throughput this window,unclassified
WLD004,OP1034,2025-05-09 08:00:00,0.6040342598466845,idle ratio 56% vs your usual 14%; 5 belt-unfastened minute(s) this window; high fuel per cycle vs your baseline,site_bottleneck
WLD004,OP1035,2025-04-09 07:30:00,0.6273768620281981,idle ratio 100% vs your usual 33%,unclassified
WLD004,OP1035,2025-04-09 11:00:00,0.6810556783389043,idle ratio 93% vs your usual 33%; 14 belt-unfastened minute(s) this window,unclassified
WLD004,OP1035,2025-04-09 14:45:00,0.6004963739692516,high fuel per cycle vs your baseline,unclassified
WLD004,OP1036,2025-04-14 09:30:00,0.6007166408516121,idle ratio 73% vs your usual 14%; high fuel per cycle vs your baseline,operator_habit
WLD004,OP1036,2025-04-14 14:15:00,0.6156238925137201,idle ratio 73% vs your usual 14%; high fuel per cycle vs your baseline,operator_habit
WLD004,OP1037,2025-06-02 04:30:00,0.6752871172236123,unusually low load-cycle throughput this window,unclassified
WLD004,OP1039,2025-04-26 15:45:00,0.6362833882719489,unusually low load-cycle throughput this window,unclassified
WLD004,OP1040,2025-04-25 07:00:00,0.6423724118667152,idle ratio 100% vs your usual 14%,unclassified
WLD004,OP1040,2025-04-25 09:15:00,0.6110048551965637,idle ratio 87% vs your usual 14%; high fuel per cycle vs your baseline,operator_habit
WLD004,OP1040,2025-04-25 14:30:00,0.6431859613543367,7 belt-unfastened minute(s) this window; high fuel per cycle vs your baseline,unclassified
WLD004,OP1040,2025-05-10 08:00:00,0.6390943276217256,idle ratio 100% vs your usual 14%,unclassified
